strategy,budget,run_id,total_infected,peak_infected,duration
community_bridge,0.01,0,3876,2977,200
community_bridge,0.01,1,3881,2875,200
community_bridge,0.01,2,3923,3050,200
community_bridge,0.01,3,3923,3006,200
community_bridge,0.01,4,3923,3087,200
community_bridge,0.01,5,3904,3129,200
community_bridge,0.01,6,3802,3113,200
community_bridge,0.01,7,3926,3129,200
community_bridge,0.01,8,3924,2999,200
community_bridge,0.01,9,3927,2922,200
community_bridge,0.01,10,3920,3022,200
community_bridge,0.01,11,3928,3152,200
community_bridge,0.01,12,3920,3173,200
community_bridge,0.01,13,3917,3046,200
community_bridge,0.01,14,3916,3121,200
community_bridge,0.01,15,3173,2596,200
community_bridge,0.01,16,3868,2957,200
community_bridge,0.01,17,3927,3008,200
community_bridge,0.01,18,3905,3072,200
community_bridge,0.01,19,3893,3002,200
community_bridge,0.01,20,3893,3055,200
community_bridge,0.01,21,3931,3185,200
community_bridge,0.01,22,3926,3077,200
community_bridge,0.01,23,3911,3150,200
community_bridge,0.01,24,3173,2450,200
community_bridge,0.01,25,3920,3117,200
community_bridge,0.01,26,3920,2956,200
community_bridge,0.01,27,3934,2874,200
community_bridge,0.01,28,3917,2945,200
community_bridge,0.01,29,3912,3007,200
community_bridge,0.01,30,3930,3062,200
community_bridge,0.01,31,3898,3224,200
community_bridge,0.01,32,3900,2931,200
community_bridge,0.01,33,3867,2852,200
community_bridge,0.01,34,3871,2931,200
community_bridge,0.01,35,3909,3020,200
community_bridge,0.01,36,3909,2532,200
community_bridge,0.01,37,3906,2924,200
community_bridge,0.01,38,3855,3055,200
community_bridge,0.01,39,3922,3076,200
community_bridge,0.01,40,3916,2865,200
community_bridge,0.01,41,3915,3181,200
community_bridge,0.01,42,3925,3079,200
community_bridge,0.01,43,3876,3007,200
community_bridge,0.01,44,3896,3087,200
community_bridge,0.01,45,3934,2933,200
community_bridge,0.01,46,3920,2932,200
community_bridge,0.01,47,3898,3028,200
community_bridge,0.01,48,3915,3011,200
community_bridge,0.01,49,3865,3152,200
community_bridge,0.01,50,3913,3106,200
community_bridge,0.01,51,3920,3041,200
community_bridge,0.01,52,3908,3126,200
community_bridge,0.01,53,3888,2963,200
community_bridge,0.01,54,3880,2969,200
community_bridge,0.01,55,3926,2989,200
community_bridge,0.01,56,3905,3064,200
community_bridge,0.01,57,3919,3167,200
community_bridge,0.01,58,3871,3195,200
community_bridge,0.01,59,3924,3118,200
community_bridge,0.01,60,3912,2939,200
community_bridge,0.01,61,3922,3192,200
community_bridge,0.01,62,3912,2647,200
community_bridge,0.01,63,3723,2787,200
community_bridge,0.01,64,3901,2987,200
community_bridge,0.01,65,3929,3143,200
community_bridge,0.01,66,3908,2985,200
community_bridge,0.01,67,3888,3152,200
community_bridge,0.01,68,3931,3040,200
community_bridge,0.01,69,3921,3096,200
community_bridge,0.01,70,3858,2989,200
community_bridge,0.01,71,3887,2954,200
community_bridge,0.01,72,3903,3105,200
community_bridge,0.01,73,3929,3216,200
community_bridge,0.01,74,3918,3109,200
community_bridge,0.01,75,3934,2999,200
community_bridge,0.01,76,3924,3139,200
community_bridge,0.01,77,3929,3057,200
community_bridge,0.01,78,3910,3201,200
community_bridge,0.01,79,3931,3023,200
community_bridge,0.01,80,3915,2975,200
community_bridge,0.01,81,3917,2999,200
community_bridge,0.01,82,3938,3145,200
community_bridge,0.01,83,3901,2991,200
community_bridge,0.01,84,3920,2885,200
community_bridge,0.01,85,3927,2903,200
community_bridge,0.01,86,3888,3072,200
community_bridge,0.01,87,3909,3001,200
community_bridge,0.01,88,3904,3117,200
community_bridge,0.01,89,3928,3073,200
community_bridge,0.01,90,3918,3124,200
community_bridge,0.01,91,3891,3022,200
community_bridge,0.01,92,3902,3110,200
community_bridge,0.01,93,3925,3123,200
community_bridge,0.01,94,3877,2696,200
community_bridge,0.01,95,3917,3165,200
community_bridge,0.01,96,3908,3052,200
community_bridge,0.01,97,3926,2936,200
community_bridge,0.01,98,3925,3012,200
community_bridge,0.01,99,3890,2830,200
community_bridge,0.01,100,3885,3056,200
community_bridge,0.01,101,3931,3021,200
community_bridge,0.01,102,3904,3113,200
community_bridge,0.01,103,3906,3076,200
community_bridge,0.01,104,3912,2879,200
community_bridge,0.01,105,3915,3219,200
community_bridge,0.01,106,3919,3238,200
community_bridge,0.01,107,3935,3140,200
community_bridge,0.01,108,3904,3069,200
community_bridge,0.01,109,3845,3111,200
community_bridge,0.01,110,3927,3142,200
community_bridge,0.01,111,3923,3066,200
community_bridge,0.01,112,3929,3213,200
community_bridge,0.01,113,3935,3110,200
community_bridge,0.01,114,3931,3075,200
community_bridge,0.01,115,3926,3222,200
community_bridge,0.01,116,3932,2832,200
community_bridge,0.01,117,3865,2957,200
community_bridge,0.01,118,3914,3065,200
community_bridge,0.01,119,3918,2989,200
community_bridge,0.01,120,3917,3062,200
community_bridge,0.01,121,3921,3148,200
community_bridge,0.01,122,3833,2975,200
community_bridge,0.01,123,3919,3115,200
community_bridge,0.01,124,3904,3076,200
community_bridge,0.01,125,3906,2927,200
community_bridge,0.01,126,3175,2463,200
community_bridge,0.01,127,3877,3102,200
community_bridge,0.01,128,3917,2947,200
community_bridge,0.01,129,3929,3210,200
community_bridge,0.01,130,3932,2985,200
community_bridge,0.01,131,3926,2757,200
community_bridge,0.01,132,3888,2784,200
community_bridge,0.01,133,3887,3148,200
community_bridge,0.01,134,3909,3050,200
community_bridge,0.01,135,3906,3066,200
community_bridge,0.01,136,3903,2945,200
community_bridge,0.01,137,3926,3135,200
community_bridge,0.01,138,3887,3105,200
community_bridge,0.01,139,3906,3217,200
community_bridge,0.01,140,3926,3163,200
community_bridge,0.01,141,3916,3240,200
community_bridge,0.01,142,3879,2805,200
community_bridge,0.01,143,3876,3041,200
community_bridge,0.01,144,3934,2997,200
community_bridge,0.01,145,3901,3035,200
community_bridge,0.01,146,3931,2999,200
community_bridge,0.01,147,3906,3005,200
community_bridge,0.01,148,3905,2992,200
community_bridge,0.01,149,3173,2601,200
community_bridge,0.01,150,3867,2979,200
community_bridge,0.01,151,3906,3039,200
community_bridge,0.01,152,3916,2939,200
community_bridge,0.01,153,3910,3137,200
community_bridge,0.01,154,3933,3153,200
community_bridge,0.01,155,3899,3002,200
community_bridge,0.01,156,3880,2952,200
community_bridge,0.01,157,3902,3150,200
community_bridge,0.01,158,3933,3214,200
community_bridge,0.01,159,3905,3159,200
community_bridge,0.01,160,3840,3027,200
community_bridge,0.01,161,3886,2894,200
community_bridge,0.01,162,3930,3205,200
community_bridge,0.01,163,3929,3089,200
community_bridge,0.01,164,3928,3197,200
community_bridge,0.01,165,3926,2901,200
community_bridge,0.01,166,3926,2937,200
community_bridge,0.01,167,3910,3116,200
community_bridge,0.01,168,3931,3103,200
community_bridge,0.01,169,3887,2883,200
community_bridge,0.01,170,3862,3224,200
community_bridge,0.01,171,3924,3082,200
community_bridge,0.01,172,3940,3095,200
community_bridge,0.01,173,3939,3052,200
community_bridge,0.01,174,3920,3214,200
community_bridge,0.01,175,3876,3148,200
community_bridge,0.01,176,3896,3001,200
community_bridge,0.01,177,3894,3118,200
community_bridge,0.01,178,3905,3048,200
community_bridge,0.01,179,3923,2964,200
community_bridge,0.01,180,3919,2922,200
community_bridge,0.01,181,3913,3012,200
community_bridge,0.01,182,3916,3173,200
community_bridge,0.01,183,3893,3047,200
community_bridge,0.01,184,3911,3017,200
community_bridge,0.01,185,3906,3100,200
community_bridge,0.01,186,3920,2882,200
community_bridge,0.01,187,3905,2926,200
community_bridge,0.01,188,3916,3102,200
community_bridge,0.01,189,3925,3134,200
community_bridge,0.01,190,3901,2868,200
community_bridge,0.01,191,3169,2495,200
community_bridge,0.01,192,3851,2948,200
community_bridge,0.01,193,3894,3033,200
community_bridge,0.01,194,3883,2990,200
community_bridge,0.01,195,3917,3009,200
community_bridge,0.01,196,3904,3123,200
community_bridge,0.01,197,3925,2904,200
community_bridge,0.01,198,3902,2985,200
community_bridge,0.01,199,3899,3104,200
community_bridge,0.01,200,3925,3127,200
community_bridge,0.01,201,3904,2993,200
community_bridge,0.01,202,3930,2801,200
community_bridge,0.01,203,3866,3012,200
community_bridge,0.01,204,3915,2962,200
community_bridge,0.01,205,3916,3049,200
community_bridge,0.01,206,3915,3054,200
community_bridge,0.01,207,3929,2981,200
community_bridge,0.01,208,3909,3157,200
community_bridge,0.01,209,3915,3177,200
community_bridge,0.01,210,3908,3157,200
community_bridge,0.01,211,3903,3100,200
community_bridge,0.01,212,3929,3111,200
community_bridge,0.01,213,3914,2913,200
community_bridge,0.01,214,3903,3120,200
community_bridge,0.01,215,3909,3043,200
community_bridge,0.01,216,3916,3003,200
community_bridge,0.01,217,3934,3089,200
community_bridge,0.01,218,3858,3216,200
community_bridge,0.01,219,3907,3168,200
community_bridge,0.01,220,3926,2719,200
community_bridge,0.01,221,3935,2963,200
community_bridge,0.01,222,3928,2973,200
community_bridge,0.01,223,3911,3059,200
community_bridge,0.01,224,3920,3027,200
community_bridge,0.01,225,3902,2948,200
community_bridge,0.01,226,3909,2881,200
community_bridge,0.01,227,3935,3098,200
community_bridge,0.01,228,3919,3052,200
community_bridge,0.01,229,3913,2960,200
community_bridge,0.01,230,3928,2973,200
community_bridge,0.01,231,3897,3145,200
community_bridge,0.01,232,3911,3000,200
community_bridge,0.01,233,3924,3065,200
community_bridge,0.01,234,3921,3159,200
community_bridge,0.01,235,3925,2953,200
community_bridge,0.01,236,3914,3138,200
community_bridge,0.01,237,3929,3018,200
community_bridge,0.01,238,3920,3132,200
community_bridge,0.01,239,3881,3004,200
community_bridge,0.01,240,3853,2918,200
community_bridge,0.01,241,3925,2937,200
community_bridge,0.01,242,3916,2873,200
community_bridge,0.01,243,3928,3210,200
community_bridge,0.01,244,3925,3014,200
community_bridge,0.01,245,3875,3021,200
community_bridge,0.01,246,3929,3027,200
community_bridge,0.01,247,3915,2897,200
community_bridge,0.01,248,3847,3129,200
community_bridge,0.01,249,3925,2842,200
community_bridge,0.01,250,3902,3209,200
community_bridge,0.01,251,3901,2933,200
community_bridge,0.01,252,3931,2961,200
community_bridge,0.01,253,3890,3134,200
community_bridge,0.01,254,3849,2943,200
community_bridge,0.01,255,3928,3032,200
community_bridge,0.01,256,3934,2962,200
community_bridge,0.01,257,3917,2765,200
community_bridge,0.01,258,3921,2926,200
community_bridge,0.01,259,3917,2975,200
community_bridge,0.01,260,3932,2966,200
community_bridge,0.01,261,3927,3225,200
community_bridge,0.01,262,3933,3192,200
community_bridge,0.01,263,3925,2942,200
community_bridge,0.01,264,3187,2596,200
community_bridge,0.01,265,3844,3155,200
community_bridge,0.01,266,3920,3125,200
community_bridge,0.01,267,3924,2986,200
community_bridge,0.01,268,3923,3082,200
community_bridge,0.01,269,3917,2955,200
community_bridge,0.01,270,3931,3059,200
community_bridge,0.01,271,3939,3058,200
community_bridge,0.01,272,3903,3122,200
community_bridge,0.01,273,3916,3089,200
community_bridge,0.01,274,3932,2963,200
community_bridge,0.01,275,3919,3064,200
community_bridge,0.01,276,3905,3077,200
community_bridge,0.01,277,3920,3203,200
community_bridge,0.01,278,3906,3136,200
community_bridge,0.01,279,3160,2482,200
community_bridge,0.01,280,3888,3048,200
community_bridge,0.01,281,3934,3286,200
community_bridge,0.01,282,3912,3175,200
community_bridge,0.01,283,3902,2990,200
community_bridge,0.01,284,3938,2920,200
community_bridge,0.01,285,3933,2930,200
community_bridge,0.01,286,3920,2920,200
community_bridge,0.01,287,3898,3138,200
community_bridge,0.01,288,3893,3075,200
community_bridge,0.01,289,3924,3249,200
community_bridge,0.01,290,3928,3138,200
community_bridge,0.01,291,3905,3069,200
community_bridge,0.01,292,3933,3110,200
community_bridge,0.01,293,3938,2934,200
community_bridge,0.01,294,3912,2924,200
community_bridge,0.01,295,3874,3154,200
community_bridge,0.01,296,3904,2987,200
community_bridge,0.01,297,3939,2981,200
community_bridge,0.01,298,3935,3141,200
community_bridge,0.01,299,3906,3043,200
community_bridge,0.01,300,3904,2976,200
community_bridge,0.01,301,3913,3025,200
community_bridge,0.01,302,3890,2920,200
community_bridge,0.01,303,3872,2964,200
community_bridge,0.01,304,3934,2894,200
community_bridge,0.01,305,3930,3202,200
community_bridge,0.01,306,3896,2909,200
community_bridge,0.01,307,3879,2592,200
community_bridge,0.01,308,3927,3047,200
community_bridge,0.01,309,3923,2770,200
community_bridge,0.01,310,3889,3181,200
community_bridge,0.01,311,3912,3173,200
community_bridge,0.01,312,3933,3044,200
community_bridge,0.01,313,3927,2931,200
community_bridge,0.01,314,3911,3092,200
community_bridge,0.01,315,3919,2991,200
community_bridge,0.01,316,3862,3017,200
community_bridge,0.01,317,3914,3042,200
community_bridge,0.01,318,3923,3127,200
community_bridge,0.01,319,3848,2936,200
community_bridge,0.01,320,3932,2667,200
community_bridge,0.01,321,3923,3187,200
community_bridge,0.01,322,3935,3194,200
community_bridge,0.01,323,3917,2755,200
community_bridge,0.01,324,3927,3044,200
community_bridge,0.01,325,3910,3107,200
community_bridge,0.01,326,3892,3099,200
community_bridge,0.01,327,3936,2919,200
community_bridge,0.01,328,3867,3062,200
community_bridge,0.01,329,3848,3005,200
community_bridge,0.01,330,3897,2845,200
community_bridge,0.01,331,3923,3138,200
community_bridge,0.01,332,3934,2988,200
community_bridge,0.01,333,3935,2965,200
community_bridge,0.01,334,3908,2908,200
community_bridge,0.01,335,3929,2940,200
community_bridge,0.01,336,3917,2878,200
community_bridge,0.01,337,3915,2968,200
community_bridge,0.01,338,3914,2991,200
community_bridge,0.01,339,3894,2993,200
community_bridge,0.01,340,3927,2947,200
community_bridge,0.01,341,3894,3107,200
community_bridge,0.01,342,3904,3088,200
community_bridge,0.01,343,3908,2949,200
community_bridge,0.01,344,3874,2990,200
community_bridge,0.01,345,3890,2989,200
community_bridge,0.01,346,3901,3152,200
community_bridge,0.01,347,3874,3047,200
community_bridge,0.01,348,3905,3196,200
community_bridge,0.01,349,3916,2940,200
community_bridge,0.01,350,3922,3200,200
community_bridge,0.01,351,3910,3010,200
community_bridge,0.01,352,3922,2974,200
community_bridge,0.01,353,3883,2995,200
community_bridge,0.01,354,3928,2810,200
community_bridge,0.01,355,3908,3089,200
community_bridge,0.01,356,3912,3095,200
community_bridge,0.01,357,3916,2803,200
community_bridge,0.01,358,3909,3192,200
community_bridge,0.01,359,3922,3101,200
community_bridge,0.01,360,3929,3152,200
community_bridge,0.01,361,3912,3024,200
community_bridge,0.01,362,3171,2298,200
community_bridge,0.01,363,3932,3014,200
community_bridge,0.01,364,3886,2951,200
community_bridge,0.01,365,3906,3003,200
community_bridge,0.01,366,3928,3019,200
community_bridge,0.01,367,3932,3212,200
community_bridge,0.01,368,3937,2896,200
community_bridge,0.01,369,3882,3129,200
community_bridge,0.01,370,3932,3043,200
community_bridge,0.01,371,3891,2599,200
community_bridge,0.01,372,3905,2973,200
community_bridge,0.01,373,3924,3176,200
community_bridge,0.01,374,3904,3132,200
community_bridge,0.01,375,3927,3049,200
community_bridge,0.01,376,3892,3150,200
community_bridge,0.01,377,3911,3144,200
community_bridge,0.01,378,3899,3015,200
community_bridge,0.01,379,3927,2981,200
community_bridge,0.01,380,3911,2899,200
community_bridge,0.01,381,3932,3086,200
community_bridge,0.01,382,3897,2987,200
community_bridge,0.01,383,3908,3095,200
community_bridge,0.01,384,3914,2915,200
community_bridge,0.01,385,3912,2921,200
community_bridge,0.01,386,3928,3179,200
community_bridge,0.01,387,3833,2924,200
community_bridge,0.01,388,3921,3113,200
community_bridge,0.01,389,3920,3074,200
community_bridge,0.01,390,3882,3034,200
community_bridge,0.01,391,3918,3075,200
community_bridge,0.01,392,3898,2902,200
community_bridge,0.01,393,3925,3073,200
community_bridge,0.01,394,3930,3049,200
community_bridge,0.01,395,3910,2965,200
community_bridge,0.01,396,3913,3251,200
community_bridge,0.01,397,3905,3075,200
community_bridge,0.01,398,3936,3061,200
community_bridge,0.01,399,3893,3125,200
community_bridge,0.01,400,3893,2989,200
community_bridge,0.01,401,3891,3103,200
community_bridge,0.01,402,3931,3056,200
community_bridge,0.01,403,3927,3089,200
community_bridge,0.01,404,3924,3092,200
community_bridge,0.01,405,3864,3112,200
community_bridge,0.01,406,3901,3105,200
community_bridge,0.01,407,3929,3219,200
community_bridge,0.01,408,3898,2999,200
community_bridge,0.01,409,3928,3115,200
community_bridge,0.01,410,3936,2992,200
community_bridge,0.01,411,3928,2951,200
community_bridge,0.01,412,3919,3147,200
community_bridge,0.01,413,3931,3095,200
community_bridge,0.01,414,3166,2618,200
community_bridge,0.01,415,3897,3049,200
community_bridge,0.01,416,3925,2981,200
community_bridge,0.01,417,3893,3068,200
community_bridge,0.01,418,3916,3155,200
community_bridge,0.01,419,3917,3022,200
community_bridge,0.01,420,3931,3089,200
community_bridge,0.01,421,3911,3088,200
community_bridge,0.01,422,3921,2993,200
community_bridge,0.01,423,3940,3276,200
community_bridge,0.01,424,3903,3116,200
community_bridge,0.01,425,3899,3003,200
community_bridge,0.01,426,3873,3132,200
community_bridge,0.01,427,3913,3065,200
community_bridge,0.01,428,3896,2999,200
community_bridge,0.01,429,3912,3184,200
community_bridge,0.01,430,3916,3036,200
community_bridge,0.01,431,3911,2988,200
community_bridge,0.01,432,3856,3130,200
community_bridge,0.01,433,3918,3124,200
community_bridge,0.01,434,3915,3067,200
community_bridge,0.01,435,3920,3151,200
community_bridge,0.01,436,3925,2941,200
community_bridge,0.01,437,3874,2940,200
community_bridge,0.01,438,3906,3200,200
community_bridge,0.01,439,3887,3159,200
community_bridge,0.01,440,3922,3169,200
community_bridge,0.01,441,3914,3146,200
community_bridge,0.01,442,3915,2997,200
community_bridge,0.01,443,3864,3184,200
community_bridge,0.01,444,3858,2987,200
community_bridge,0.01,445,3915,3113,200
community_bridge,0.01,446,3908,2899,200
community_bridge,0.01,447,3915,2963,200
community_bridge,0.01,448,3909,3050,200
community_bridge,0.01,449,3917,3018,200
community_bridge,0.01,450,3919,2801,200
community_bridge,0.01,451,3924,3038,200
community_bridge,0.01,452,3932,2908,200
community_bridge,0.01,453,3917,2837,200
community_bridge,0.01,454,3897,3052,200
community_bridge,0.01,455,3905,2879,200
community_bridge,0.01,456,3910,2823,200
community_bridge,0.01,457,3918,2895,200
community_bridge,0.01,458,3929,3146,200
community_bridge,0.01,459,3891,2858,200
community_bridge,0.01,460,3947,3042,200
community_bridge,0.01,461,3853,3022,200
community_bridge,0.01,462,3900,2984,200
community_bridge,0.01,463,3929,3005,200
community_bridge,0.01,464,3911,3092,200
community_bridge,0.01,465,3911,3135,200
community_bridge,0.01,466,3937,3108,200
community_bridge,0.01,467,3900,3086,200
community_bridge,0.01,468,3858,2960,200
community_bridge,0.01,469,3942,3150,200
community_bridge,0.01,470,3898,3160,200
community_bridge,0.01,471,3854,3129,200
community_bridge,0.01,472,3842,3004,200
community_bridge,0.01,473,3925,3093,200
community_bridge,0.01,474,3927,3058,200
community_bridge,0.01,475,3910,3121,200
community_bridge,0.01,476,3938,3057,200
community_bridge,0.01,477,3889,2896,200
community_bridge,0.01,478,3931,3050,200
community_bridge,0.01,479,3917,3028,200
community_bridge,0.01,480,3882,2980,200
community_bridge,0.01,481,3899,2740,200
community_bridge,0.01,482,3930,3069,200
community_bridge,0.01,483,3891,2877,200
community_bridge,0.01,484,3919,2907,200
community_bridge,0.01,485,3920,2916,200
community_bridge,0.01,486,3923,3128,200
community_bridge,0.01,487,3927,3126,200
community_bridge,0.01,488,3900,3149,200
community_bridge,0.01,489,3935,3020,200
community_bridge,0.01,490,3916,3097,200
community_bridge,0.01,491,3937,3001,200
community_bridge,0.01,492,3935,3084,200
community_bridge,0.01,493,3928,3030,200
community_bridge,0.01,494,3927,3195,200
community_bridge,0.01,495,3915,2998,200
community_bridge,0.01,496,3851,3092,200
community_bridge,0.01,497,3933,2737,200
community_bridge,0.01,498,3929,3116,200
community_bridge,0.01,499,3924,3071,200
community_bridge,0.05,0,2985,2165,200
community_bridge,0.05,1,2609,2067,200
community_bridge,0.05,2,3632,2073,200
community_bridge,0.05,3,1934,1566,200
community_bridge,0.05,4,1854,1465,200
community_bridge,0.05,5,2989,2243,200
community_bridge,0.05,6,3635,2110,200
community_bridge,0.05,7,2956,2257,200
community_bridge,0.05,8,1559,1197,200
community_bridge,0.05,9,2964,1767,200
community_bridge,0.05,10,2902,2051,200
community_bridge,0.05,11,3655,2147,200
community_bridge,0.05,12,2977,1837,200
community_bridge,0.05,13,2477,1559,200
community_bridge,0.05,14,2872,2075,200
community_bridge,0.05,15,2880,2092,200
community_bridge,0.05,16,2903,2114,200
community_bridge,0.05,17,2207,1543,200
community_bridge,0.05,18,3662,2357,200
community_bridge,0.05,19,2902,2184,200
community_bridge,0.05,20,2962,2071,200
community_bridge,0.05,21,2860,2021,200
community_bridge,0.05,22,2591,2078,200
community_bridge,0.05,23,2897,2114,200
community_bridge,0.05,24,2223,1543,200
community_bridge,0.05,25,2228,1742,200
community_bridge,0.05,26,3348,2535,200
community_bridge,0.05,27,1939,1515,200
community_bridge,0.05,28,2963,1977,200
community_bridge,0.05,29,2680,2011,200
community_bridge,0.05,30,2899,1875,200
community_bridge,0.05,31,3655,2666,200
community_bridge,0.05,32,3644,2422,200
community_bridge,0.05,33,2229,1644,200
community_bridge,0.05,34,2990,2109,200
community_bridge,0.05,35,3645,2760,200
community_bridge,0.05,36,1788,1237,200
community_bridge,0.05,37,2971,2119,200
community_bridge,0.05,38,2219,1663,200
community_bridge,0.05,39,2970,2124,200
community_bridge,0.05,40,2892,2282,200
community_bridge,0.05,41,3642,2227,200
community_bridge,0.05,42,2979,1540,200
community_bridge,0.05,43,3660,2750,200
community_bridge,0.05,44,2672,2092,200
community_bridge,0.05,45,2989,2100,200
community_bridge,0.05,46,2972,1678,200
community_bridge,0.05,47,2591,1983,200
community_bridge,0.05,48,2973,2315,200
community_bridge,0.05,49,2905,2024,200
community_bridge,0.05,50,1927,1529,200
community_bridge,0.05,51,3645,2675,200
community_bridge,0.05,52,1179,946,200
community_bridge,0.05,53,2679,2113,200
community_bridge,0.05,54,2179,1711,200
community_bridge,0.05,55,1859,1506,200
community_bridge,0.05,56,2957,2164,200
community_bridge,0.05,57,2236,1641,200
community_bridge,0.05,58,2231,1546,200
community_bridge,0.05,59,2177,1738,200
community_bridge,0.05,60,2896,2276,200
community_bridge,0.05,61,2592,2060,200
community_bridge,0.05,62,3658,2092,200
community_bridge,0.05,63,2888,2072,200
community_bridge,0.05,64,1808,1229,200
community_bridge,0.05,65,1476,1190,200
community_bridge,0.05,66,2244,1542,200
community_bridge,0.05,67,2972,2049,200
community_bridge,0.05,68,2966,2111,200
community_bridge,0.05,69,3647,2664,200
community_bridge,0.05,70,2158,1488,200
community_bridge,0.05,71,2178,1709,200
community_bridge,0.05,72,2210,1525,200
community_bridge,0.05,73,1919,1514,200
community_bridge,0.05,74,2899,2109,200
community_bridge,0.05,75,2229,1590,200
community_bridge,0.05,76,2208,1649,200
community_bridge,0.05,77,3343,2251,200
community_bridge,0.05,78,3635,1730,200
community_bridge,0.05,79,2860,1459,200
community_bridge,0.05,80,2876,1869,200
community_bridge,0.05,81,2931,1697,200
community_bridge,0.05,82,3651,2281,200
community_bridge,0.05,83,2973,1899,200
community_bridge,0.05,84,2898,1383,200
community_bridge,0.05,85,2226,1526,200
community_bridge,0.05,86,3489,1725,200
community_bridge,0.05,87,3493,2630,200
community_bridge,0.05,88,1471,1237,200
community_bridge,0.05,89,3667,1949,200
community_bridge,0.05,90,2896,2016,200
community_bridge,0.05,91,2898,2024,200
community_bridge,0.05,92,2264,1525,200
community_bridge,0.05,93,2834,2100,200
community_bridge,0.05,94,3657,2561,200
community_bridge,0.05,95,1847,1478,200
community_bridge,0.05,96,2243,1557,200
community_bridge,0.05,97,2228,1571,200
community_bridge,0.05,98,3664,2460,200
community_bridge,0.05,99,2232,1710,200
community_bridge,0.05,100,2484,1800,200
community_bridge,0.05,101,2971,2109,200
community_bridge,0.05,102,2221,1677,200
community_bridge,0.05,103,2909,2033,200
community_bridge,0.05,104,2243,1660,200
community_bridge,0.05,105,1811,1254,200
community_bridge,0.05,106,2900,2076,200
community_bridge,0.05,107,3654,2349,200
community_bridge,0.05,108,2904,1538,200
community_bridge,0.05,109,2966,2180,200
community_bridge,0.05,110,2587,1968,200
community_bridge,0.05,111,2976,2211,200
community_bridge,0.05,112,3636,2056,200
community_bridge,0.05,113,2849,1415,200
community_bridge,0.05,114,3623,2737,200
community_bridge,0.05,115,2235,1735,200
community_bridge,0.05,116,3596,1916,200
community_bridge,0.05,117,2896,2112,200
community_bridge,0.05,118,2905,2077,200
community_bridge,0.05,119,2909,2239,200
community_bridge,0.05,120,3658,2706,200
community_bridge,0.05,121,2896,2120,200
community_bridge,0.05,122,3054,1745,200
community_bridge,0.05,123,2972,2369,200
community_bridge,0.05,124,2889,2099,200
community_bridge,0.05,125,2980,2044,200
community_bridge,0.05,126,2955,2055,200
community_bridge,0.05,127,2902,2089,200
community_bridge,0.05,128,2977,2145,200
community_bridge,0.05,129,2878,2219,200
community_bridge,0.05,130,2900,1508,200
community_bridge,0.05,131,2228,1594,200
community_bridge,0.05,132,2783,1478,200
community_bridge,0.05,133,2921,2032,200
community_bridge,0.05,134,2238,1660,200
community_bridge,0.05,135,3648,2142,200
community_bridge,0.05,136,2595,1804,200
community_bridge,0.05,137,3458,2517,200
community_bridge,0.05,138,2895,2087,200
community_bridge,0.05,139,3673,2674,200
community_bridge,0.05,140,3675,2659,200
community_bridge,0.05,141,3416,2340,200
community_bridge,0.05,142,2675,1951,200
community_bridge,0.05,143,2985,2154,200
community_bridge,0.05,144,2601,2103,200
community_bridge,0.05,145,2945,2148,200
community_bridge,0.05,146,3649,2459,200
community_bridge,0.05,147,2954,2023,200
community_bridge,0.05,148,3665,2709,200
community_bridge,0.05,149,3039,2338,200
community_bridge,0.05,150,1862,1184,200
community_bridge,0.05,151,2673,2106,200
community_bridge,0.05,152,1855,1466,200
community_bridge,0.05,153,2601,2069,200
community_bridge,0.05,154,1187,941,200
community_bridge,0.05,155,2970,2207,200
community_bridge,0.05,156,1656,1270,200
community_bridge,0.05,157,3635,2581,200
community_bridge,0.05,158,2460,1376,200
community_bridge,0.05,159,2608,2020,200
community_bridge,0.05,160,2961,2199,200
community_bridge,0.05,161,2911,2239,200
community_bridge,0.05,162,2863,1660,200
community_bridge,0.05,163,2959,2282,200
community_bridge,0.05,164,3643,2634,200
community_bridge,0.05,165,3654,2583,200
community_bridge,0.05,166,2992,2167,200
community_bridge,0.05,167,3635,2693,200
community_bridge,0.05,168,2989,1559,200
community_bridge,0.05,169,2228,1683,200
community_bridge,0.05,170,2469,1919,200
community_bridge,0.05,171,2905,2023,200
community_bridge,0.05,172,2967,2232,200
community_bridge,0.05,173,2974,1974,200
community_bridge,0.05,174,2595,1493,200
community_bridge,0.05,175,2228,1575,200
community_bridge,0.05,176,2963,1726,200
community_bridge,0.05,177,2588,2057,200
community_bridge,0.05,178,2233,1720,200
community_bridge,0.05,179,3366,2709,200
community_bridge,0.05,180,2999,1879,200
community_bridge,0.05,181,2957,1495,200
community_bridge,0.05,182,1928,1469,200
community_bridge,0.05,183,2968,2154,200
community_bridge,0.05,184,3353,2532,200
community_bridge,0.05,185,2235,1716,200
community_bridge,0.05,186,2670,2095,200
community_bridge,0.05,187,2977,2096,200
community_bridge,0.05,188,2917,2330,200
community_bridge,0.05,189,2963,2128,200
community_bridge,0.05,190,2968,2261,200
community_bridge,0.05,191,2225,1710,200
community_bridge,0.05,192,2897,2167,200
community_bridge,0.05,193,2236,1510,200
community_bridge,0.05,194,3652,2493,200
community_bridge,0.05,195,3357,2568,200
community_bridge,0.05,196,2972,2146,200
community_bridge,0.05,197,1721,1156,200
community_bridge,0.05,198,2886,2046,200
community_bridge,0.05,199,2924,2042,200
community_bridge,0.05,200,2984,2294,200
community_bridge,0.05,201,2675,2064,200
community_bridge,0.05,202,2162,1715,200
community_bridge,0.05,203,2665,2156,200
community_bridge,0.05,204,1408,1133,200
community_bridge,0.05,205,3323,2618,200
community_bridge,0.05,206,2905,2100,200
community_bridge,0.05,207,3650,1941,200
community_bridge,0.05,208,3022,1988,200
community_bridge,0.05,209,2913,1802,200
community_bridge,0.05,210,2884,2266,200
community_bridge,0.05,211,1714,1334,200
community_bridge,0.05,212,1888,1513,200
community_bridge,0.05,213,3608,2569,200
community_bridge,0.05,214,3501,2023,200
community_bridge,0.05,215,2607,2136,200
community_bridge,0.05,216,2937,2261,200
community_bridge,0.05,217,2222,1592,200
community_bridge,0.05,218,3664,2086,200
community_bridge,0.05,219,1932,1564,200
community_bridge,0.05,220,2607,2039,200
community_bridge,0.05,221,2896,2017,200
community_bridge,0.05,222,2987,1800,200
community_bridge,0.05,223,2948,1535,200
community_bridge,0.05,224,1411,1174,200
community_bridge,0.05,225,2658,2029,200
community_bridge,0.05,226,1423,1182,200
community_bridge,0.05,227,3651,2326,200
community_bridge,0.05,228,1930,1610,200
community_bridge,0.05,229,3668,2686,200
community_bridge,0.05,230,2892,2124,200
community_bridge,0.05,231,1924,1478,200
community_bridge,0.05,232,3343,2655,200
community_bridge,0.05,233,1424,1149,200
community_bridge,0.05,234,2601,1921,200
community_bridge,0.05,235,2684,2148,200
community_bridge,0.05,236,2965,2332,200
community_bridge,0.05,237,2906,2075,200
community_bridge,0.05,238,2904,1794,200
community_bridge,0.05,239,3655,2533,200
community_bridge,0.05,240,3642,2734,200
community_bridge,0.05,241,2982,2287,200
community_bridge,0.05,242,2949,2157,200
community_bridge,0.05,243,3639,2110,200
community_bridge,0.05,244,3313,2063,200
community_bridge,0.05,245,2595,2071,200
community_bridge,0.05,246,2924,2197,200
community_bridge,0.05,247,3637,2660,200
community_bridge,0.05,248,2969,2130,200
community_bridge,0.05,249,2607,2122,200
community_bridge,0.05,250,2973,2121,200
community_bridge,0.05,251,1787,1408,200
community_bridge,0.05,252,1428,1138,200
community_bridge,0.05,253,3653,2568,200
community_bridge,0.05,254,1963,1370,200
community_bridge,0.05,255,2237,1716,200
community_bridge,0.05,256,3652,2757,200
community_bridge,0.05,257,2933,2149,200
community_bridge,0.05,258,2981,2125,200
community_bridge,0.05,259,2899,2048,200
community_bridge,0.05,260,2994,2144,200
community_bridge,0.05,261,2911,1906,200
community_bridge,0.05,262,2888,2089,200
community_bridge,0.05,263,2907,2033,200
community_bridge,0.05,264,2930,2258,200
community_bridge,0.05,265,2895,2096,200
community_bridge,0.05,266,2964,1523,200
community_bridge,0.05,267,2911,1918,200
community_bridge,0.05,268,2963,1613,200
community_bridge,0.05,269,2467,1880,200
community_bridge,0.05,270,2959,2006,200
community_bridge,0.05,271,2961,1379,200
community_bridge,0.05,272,3666,2113,200
community_bridge,0.05,273,3655,2439,200
community_bridge,0.05,274,3658,2591,200
community_bridge,0.05,275,2914,2256,200
community_bridge,0.05,276,2429,1888,200
community_bridge,0.05,277,2169,1538,200
community_bridge,0.05,278,2913,2083,200
community_bridge,0.05,279,2977,2295,200
community_bridge,0.05,280,2588,2070,200
community_bridge,0.05,281,2229,1501,200
community_bridge,0.05,282,2894,2274,200
community_bridge,0.05,283,3614,1971,200
community_bridge,0.05,284,2986,2154,200
community_bridge,0.05,285,3619,2096,200
community_bridge,0.05,286,2210,1548,200
community_bridge,0.05,287,2907,1844,200
community_bridge,0.05,288,2436,1345,200
community_bridge,0.05,289,2870,2065,200
community_bridge,0.05,290,2987,2176,200
community_bridge,0.05,291,1643,1130,200
community_bridge,0.05,292,2980,2126,200
community_bridge,0.05,293,3726,2110,200
community_bridge,0.05,294,3640,2552,200
community_bridge,0.05,295,3362,2632,200
community_bridge,0.05,296,3654,2626,200
community_bridge,0.05,297,2648,2067,200
community_bridge,0.05,298,2968,2254,200
community_bridge,0.05,299,1931,1471,200
community_bridge,0.05,300,2923,2192,200
community_bridge,0.05,301,2233,1553,200
community_bridge,0.05,302,3718,2445,200
community_bridge,0.05,303,3624,2717,200
community_bridge,0.05,304,1421,1196,200
community_bridge,0.05,305,1499,1198,200
community_bridge,0.05,306,2229,1518,200
community_bridge,0.05,307,3196,2031,200
community_bridge,0.05,308,3624,2488,200
community_bridge,0.05,309,2954,2198,200
community_bridge,0.05,310,2894,2061,200
community_bridge,0.05,311,2224,1500,200
community_bridge,0.05,312,1935,1494,200
community_bridge,0.05,313,2977,2161,200
community_bridge,0.05,314,2983,2123,200
community_bridge,0.05,315,2601,2053,200
community_bridge,0.05,316,2989,2164,200
community_bridge,0.05,317,2927,2145,200
community_bridge,0.05,318,2231,1155,200
community_bridge,0.05,319,1805,1222,200
community_bridge,0.05,320,3022,2173,200
community_bridge,0.05,321,2181,1740,200
community_bridge,0.05,322,3641,2713,200
community_bridge,0.05,323,2999,2166,200
community_bridge,0.05,324,2990,2184,200
community_bridge,0.05,325,2222,1478,200
community_bridge,0.05,326,3655,2556,200
community_bridge,0.05,327,1980,1589,200
community_bridge,0.05,328,2824,1841,200
community_bridge,0.05,329,2983,1989,200
community_bridge,0.05,330,2963,2122,200
community_bridge,0.05,331,2140,1461,200
community_bridge,0.05,332,3712,2218,200
community_bridge,0.05,333,2238,1192,200
community_bridge,0.05,334,2920,2066,200
community_bridge,0.05,335,3652,2720,200
community_bridge,0.05,336,2985,2077,200
community_bridge,0.05,337,2910,1459,200
community_bridge,0.05,338,1907,1535,200
community_bridge,0.05,339,3034,2128,200
community_bridge,0.05,340,3615,2565,200
community_bridge,0.05,341,2227,1622,200
community_bridge,0.05,342,2136,1482,200
community_bridge,0.05,343,2206,1368,200
community_bridge,0.05,344,2224,1556,200
community_bridge,0.05,345,2293,1262,200
community_bridge,0.05,346,2979,2320,200
community_bridge,0.05,347,2571,2021,200
community_bridge,0.05,348,2988,2325,200
community_bridge,0.05,349,2974,1918,200
community_bridge,0.05,350,2916,2086,200
community_bridge,0.05,351,3656,2680,200
community_bridge,0.05,352,2978,2011,200
community_bridge,0.05,353,1916,1506,200
community_bridge,0.05,354,2906,2261,200
community_bridge,0.05,355,2906,2261,200
community_bridge,0.05,356,3600,1798,200
community_bridge,0.05,357,1969,1576,200
community_bridge,0.05,358,3651,2275,200
community_bridge,0.05,359,1984,1580,200
community_bridge,0.05,360,2961,2209,200
community_bridge,0.05,361,3659,2898,200
community_bridge,0.05,362,2903,2011,200
community_bridge,0.05,363,2903,1643,200
community_bridge,0.05,364,2250,1536,200
community_bridge,0.05,365,2234,1540,200
community_bridge,0.05,366,3351,2650,200
community_bridge,0.05,367,2525,2058,200
community_bridge,0.05,368,2654,2139,200
community_bridge,0.05,369,2239,1526,200
community_bridge,0.05,370,3029,1613,200
community_bridge,0.05,371,3110,2136,200
community_bridge,0.05,372,2985,2098,200
community_bridge,0.05,373,3630,2048,200
community_bridge,0.05,374,2487,1687,200
community_bridge,0.05,375,2223,1670,200
community_bridge,0.05,376,1486,895,200
community_bridge,0.05,377,2915,1693,200
community_bridge,0.05,378,2973,2310,200
community_bridge,0.05,379,2884,1954,200
community_bridge,0.05,380,3645,1832,200
community_bridge,0.05,381,2272,1658,200
community_bridge,0.05,382,1416,1129,200
community_bridge,0.05,383,2593,2029,200
community_bridge,0.05,384,2957,1839,200
community_bridge,0.05,385,2952,1654,200
community_bridge,0.05,386,2610,2070,200
community_bridge,0.05,387,1978,1523,200
community_bridge,0.05,388,2966,2114,200
community_bridge,0.05,389,2914,2255,200
community_bridge,0.05,390,2996,2116,200
community_bridge,0.05,391,3461,1959,200
community_bridge,0.05,392,2977,2214,200
community_bridge,0.05,393,2890,1612,200
community_bridge,0.05,394,3623,2615,200
community_bridge,0.05,395,2970,2113,200
community_bridge,0.05,396,3637,1741,200
community_bridge,0.05,397,3649,2491,200
community_bridge,0.05,398,2151,1387,200
community_bridge,0.05,399,2902,2079,200
community_bridge,0.05,400,2272,1635,200
community_bridge,0.05,401,1937,1515,200
community_bridge,0.05,402,2905,1688,200
community_bridge,0.05,403,2983,2330,200
community_bridge,0.05,404,3631,2629,200
community_bridge,0.05,405,2963,2123,200
community_bridge,0.05,406,2596,2071,200
community_bridge,0.05,407,2905,1357,200
community_bridge,0.05,408,2902,2056,200
community_bridge,0.05,409,1154,931,200
community_bridge,0.05,410,3628,1758,200
community_bridge,0.05,411,2915,2064,200
community_bridge,0.05,412,2913,2112,200
community_bridge,0.05,413,2560,2065,200
community_bridge,0.05,414,2959,1498,200
community_bridge,0.05,415,2734,2100,200
community_bridge,0.05,416,3609,1991,200
community_bridge,0.05,417,1782,1210,200
community_bridge,0.05,418,2917,1880,200
community_bridge,0.05,419,2591,1982,200
community_bridge,0.05,420,3647,1738,200
community_bridge,0.05,421,1422,1145,200
community_bridge,0.05,422,2904,2054,200
community_bridge,0.05,423,2595,2037,200
community_bridge,0.05,424,3600,2114,200
community_bridge,0.05,425,2891,1436,200
community_bridge,0.05,426,2208,1577,200
community_bridge,0.05,427,2982,2102,200
community_bridge,0.05,428,1980,1553,200
community_bridge,0.05,429,3649,2681,200
community_bridge,0.05,430,2986,2158,200
community_bridge,0.05,431,2243,1714,200
community_bridge,0.05,432,2914,2230,200
community_bridge,0.05,433,2967,2161,200
community_bridge,0.05,434,2969,2220,200
community_bridge,0.05,435,3008,2176,200
community_bridge,0.05,436,1805,1200,200
community_bridge,0.05,437,2229,1118,200
community_bridge,0.05,438,3636,1783,200
community_bridge,0.05,439,3658,2646,200
community_bridge,0.05,440,3647,2610,200
community_bridge,0.05,441,2920,2061,200
community_bridge,0.05,442,3671,2079,200
community_bridge,0.05,443,3642,2596,200
community_bridge,0.05,444,2589,2143,200
community_bridge,0.05,445,2903,2028,200
community_bridge,0.05,446,2972,2129,200
community_bridge,0.05,447,3657,2455,200
community_bridge,0.05,448,2196,1529,200
community_bridge,0.05,449,2902,1994,200
community_bridge,0.05,450,2614,2119,200
community_bridge,0.05,451,3624,2618,200
community_bridge,0.05,452,2912,2046,200
community_bridge,0.05,453,1724,1156,200
community_bridge,0.05,454,2920,2183,200
community_bridge,0.05,455,3622,2508,200
community_bridge,0.05,456,2578,2062,200
community_bridge,0.05,457,1482,1072,200
community_bridge,0.05,458,2966,2049,200
community_bridge,0.05,459,2901,2078,200
community_bridge,0.05,460,1504,1262,200
community_bridge,0.05,461,2904,2058,200
community_bridge,0.05,462,3701,2124,200
community_bridge,0.05,463,3339,2648,200
community_bridge,0.05,464,2484,1858,200
community_bridge,0.05,465,3041,2210,200
community_bridge,0.05,466,1922,1455,200
community_bridge,0.05,467,2298,1727,200
community_bridge,0.05,468,3642,2634,200
community_bridge,0.05,469,2875,2060,200
community_bridge,0.05,470,3638,2558,200
community_bridge,0.05,471,3627,2186,200
community_bridge,0.05,472,3658,2442,200
community_bridge,0.05,473,1554,1272,200
community_bridge,0.05,474,2468,1737,200
community_bridge,0.05,475,3607,1551,200
community_bridge,0.05,476,2669,2112,200
community_bridge,0.05,477,2908,2298,200
community_bridge,0.05,478,2214,1683,200
community_bridge,0.05,479,1926,1513,200
community_bridge,0.05,480,2958,1481,200
community_bridge,0.05,481,1930,1537,200
community_bridge,0.05,482,2896,2011,200
community_bridge,0.05,483,2485,1740,200
community_bridge,0.05,484,3630,2346,200
community_bridge,0.05,485,2171,1748,200
community_bridge,0.05,486,2601,1918,200
community_bridge,0.05,487,2229,1528,200
community_bridge,0.05,488,2609,2009,200
community_bridge,0.05,489,2997,1482,200
community_bridge,0.05,490,2978,1758,200
community_bridge,0.05,491,3355,2494,200
community_bridge,0.05,492,2915,2086,200
community_bridge,0.05,493,3645,2623,200
community_bridge,0.05,494,3658,2476,200
community_bridge,0.05,495,2964,2047,200
community_bridge,0.05,496,2908,2208,200
community_bridge,0.05,497,2888,2198,200
community_bridge,0.05,498,2455,1664,200
community_bridge,0.05,499,3593,2036,200
community_bridge,0.1,0,2621,1842,200
community_bridge,0.1,1,2226,1324,200
community_bridge,0.1,2,1599,1227,200
community_bridge,0.1,3,1303,1093,200
community_bridge,0.1,4,2577,1692,200
community_bridge,0.1,5,2300,1824,200
community_bridge,0.1,6,741,624,200
community_bridge,0.1,7,2303,1715,200
community_bridge,0.1,8,1872,1277,200
community_bridge,0.1,9,3199,1977,200
community_bridge,0.1,10,2309,1777,200
community_bridge,0.1,11,2119,1467,200
community_bridge,0.1,12,2084,1745,200
community_bridge,0.1,13,2216,1380,200
community_bridge,0.1,14,1510,1241,200
community_bridge,0.1,15,2400,1668,200
community_bridge,0.1,16,1618,1249,200
community_bridge,0.1,17,2268,1511,200
community_bridge,0.1,18,2229,1478,200
community_bridge,0.1,19,2515,1830,200
community_bridge,0.1,20,2607,1775,200
community_bridge,0.1,21,2609,2009,200
community_bridge,0.1,22,2493,1978,200
community_bridge,0.1,23,2031,1667,200
community_bridge,0.1,24,2227,1504,200
community_bridge,0.1,25,2046,1314,200
community_bridge,0.1,26,1921,1380,200
community_bridge,0.1,27,1823,1222,200
community_bridge,0.1,28,2046,1356,200
community_bridge,0.1,29,2847,2276,200
community_bridge,0.1,30,2041,1434,200
community_bridge,0.1,31,2801,1953,200
community_bridge,0.1,32,2403,1308,200
community_bridge,0.1,33,1850,1222,200
community_bridge,0.1,34,2565,1559,200
community_bridge,0.1,35,3129,1676,200
community_bridge,0.1,36,2409,1913,200
community_bridge,0.1,37,1598,1241,200
community_bridge,0.1,38,2597,1868,200
community_bridge,0.1,39,2913,2286,200
community_bridge,0.1,40,1279,1048,200
community_bridge,0.1,41,2431,1853,200
community_bridge,0.1,42,2351,1616,200
community_bridge,0.1,43,2606,2041,200
community_bridge,0.1,44,2176,1640,200
community_bridge,0.1,45,1854,1171,200
community_bridge,0.1,46,3250,2243,200
community_bridge,0.1,47,3144,2282,200
community_bridge,0.1,48,2620,1589,200
community_bridge,0.1,49,2548,1546,200
community_bridge,0.1,50,2109,1634,200
community_bridge,0.1,51,1904,1224,200
community_bridge,0.1,52,2029,1590,200
community_bridge,0.1,53,1851,1180,200
community_bridge,0.1,54,2021,1347,200
community_bridge,0.1,55,2031,1315,200
community_bridge,0.1,56,2611,1778,200
community_bridge,0.1,57,3165,1726,200
community_bridge,0.1,58,1865,1374,200
community_bridge,0.1,59,1865,1350,200
community_bridge,0.1,60,2229,1715,200
community_bridge,0.1,61,1181,899,200
community_bridge,0.1,62,2856,2189,200
community_bridge,0.1,63,2648,1996,200
community_bridge,0.1,64,1913,1153,200
community_bridge,0.1,65,2496,1941,200
community_bridge,0.1,66,2460,1787,200
community_bridge,0.1,67,1005,737,200
community_bridge,0.1,68,2582,1658,200
community_bridge,0.1,69,1568,1259,200
community_bridge,0.1,70,2317,1604,200
community_bridge,0.1,71,1619,1169,200
community_bridge,0.1,72,2332,1663,200
community_bridge,0.1,73,2296,1759,200
community_bridge,0.1,74,2797,2038,200
community_bridge,0.1,75,1615,1243,200
community_bridge,0.1,76,2170,1699,200
community_bridge,0.1,77,2043,1309,200
community_bridge,0.1,78,2444,1565,200
community_bridge,0.1,79,2055,1402,200
community_bridge,0.1,80,2017,1398,200
community_bridge,0.1,81,2119,1704,200
community_bridge,0.1,82,1339,1141,200
community_bridge,0.1,83,2455,1558,200
community_bridge,0.1,84,2578,1940,200
community_bridge,0.1,85,3058,2289,200
community_bridge,0.1,86,2603,1941,200
community_bridge,0.1,87,2604,1390,200
community_bridge,0.1,88,2207,1705,200
community_bridge,0.1,89,1586,1262,200
community_bridge,0.1,90,2762,1385,200
community_bridge,0.1,91,2290,1590,200
community_bridge,0.1,92,1577,1224,200
community_bridge,0.1,93,1914,1274,200
community_bridge,0.1,94,1869,1380,200
community_bridge,0.1,95,1747,1354,200
community_bridge,0.1,96,2595,1567,200
community_bridge,0.1,97,1545,1093,200
community_bridge,0.1,98,2430,1733,200
community_bridge,0.1,99,2609,1888,200
community_bridge,0.1,100,2118,1666,200
community_bridge,0.1,101,3135,2305,200
community_bridge,0.1,102,1942,1400,200
community_bridge,0.1,103,1741,1264,200
community_bridge,0.1,104,1843,1503,200
community_bridge,0.1,105,2843,1990,200
community_bridge,0.1,106,2607,1883,200
community_bridge,0.1,107,1499,1207,200
community_bridge,0.1,108,2289,1523,200
community_bridge,0.1,109,2441,1219,200
community_bridge,0.1,110,1556,1134,200
community_bridge,0.1,111,2037,1591,200
community_bridge,0.1,112,2200,1405,200
community_bridge,0.1,113,1417,1089,200
community_bridge,0.1,114,2315,1480,200
community_bridge,0.1,115,2600,1812,200
community_bridge,0.1,116,2065,1346,200
community_bridge,0.1,117,2405,1099,200
community_bridge,0.1,118,2622,1770,200
community_bridge,0.1,119,1855,1445,200
community_bridge,0.1,120,2576,1747,200
community_bridge,0.1,121,2313,1859,200
community_bridge,0.1,122,1849,1221,200
community_bridge,0.1,123,2037,1595,200
community_bridge,0.1,124,2604,1927,200
community_bridge,0.1,125,1469,1202,200
community_bridge,0.1,126,2106,1690,200
community_bridge,0.1,127,2614,2000,200
community_bridge,0.1,128,1866,1416,200
community_bridge,0.1,129,1841,1325,200
community_bridge,0.1,130,2277,1243,200
community_bridge,0.1,131,1855,1231,200
community_bridge,0.1,132,1902,1521,200
community_bridge,0.1,133,2482,1892,200
community_bridge,0.1,134,2656,1792,200
community_bridge,0.1,135,1563,1138,200
community_bridge,0.1,136,3138,2039,200
community_bridge,0.1,137,2406,1759,200
community_bridge,0.1,138,2425,1905,200
community_bridge,0.1,139,1490,1222,200
community_bridge,0.1,140,1795,1308,200
community_bridge,0.1,141,2595,1761,200
community_bridge,0.1,142,1606,1306,200
community_bridge,0.1,143,1591,1124,200
community_bridge,0.1,144,2288,1729,200
community_bridge,0.1,145,2472,1779,200
community_bridge,0.1,146,1492,1264,200
community_bridge,0.1,147,2050,1318,200
community_bridge,0.1,148,2027,1505,200
community_bridge,0.1,149,1027,772,200
community_bridge,0.1,150,2597,1753,200
community_bridge,0.1,151,2586,1204,200
community_bridge,0.1,152,1591,1094,200
community_bridge,0.1,153,2767,1978,200
community_bridge,0.1,154,1849,1517,200
community_bridge,0.1,155,1791,1223,200
community_bridge,0.1,156,1342,838,200
community_bridge,0.1,157,1486,1244,200
community_bridge,0.1,158,2292,1677,200
community_bridge,0.1,159,2287,1756,200
community_bridge,0.1,160,2233,1512,200
community_bridge,0.1,161,1855,1422,200
community_bridge,0.1,162,3154,2035,200
community_bridge,0.1,163,2629,1881,200
community_bridge,0.1,164,1796,1317,200
community_bridge,0.1,165,2294,1653,200
community_bridge,0.1,166,2599,1643,200
community_bridge,0.1,167,1539,1260,200
community_bridge,0.1,168,1000,735,200
community_bridge,0.1,169,2615,1696,200
community_bridge,0.1,170,2456,1448,200
community_bridge,0.1,171,1847,1385,200
community_bridge,0.1,172,2586,1680,200
community_bridge,0.1,173,2059,1512,200
community_bridge,0.1,174,1880,1425,200
community_bridge,0.1,175,2340,1654,200
community_bridge,0.1,176,1571,997,200
community_bridge,0.1,177,1965,834,200
community_bridge,0.1,178,1865,1396,200
community_bridge,0.1,179,2351,1569,200
community_bridge,0.1,180,2027,1286,200
community_bridge,0.1,181,1429,1083,200
community_bridge,0.1,182,1868,1093,200
community_bridge,0.1,183,2285,1803,200
community_bridge,0.1,184,1881,1250,200
community_bridge,0.1,185,2225,1109,200
community_bridge,0.1,186,1348,1123,200
community_bridge,0.1,187,1306,1115,200
community_bridge,0.1,188,2054,1383,200
community_bridge,0.1,189,3152,2317,200
community_bridge,0.1,190,915,692,200
community_bridge,0.1,191,2861,1733,200
community_bridge,0.1,192,1490,1205,200
community_bridge,0.1,193,2314,1770,200
community_bridge,0.1,194,1930,1529,200
community_bridge,0.1,195,2776,1702,200
community_bridge,0.1,196,1772,1128,200
community_bridge,0.1,197,2280,1474,200
community_bridge,0.1,198,1856,1536,200
community_bridge,0.1,199,1307,1057,200
community_bridge,0.1,200,2043,1567,200
community_bridge,0.1,201,1523,907,200
community_bridge,0.1,202,3146,2002,200
community_bridge,0.1,203,2607,1956,200
community_bridge,0.1,204,2312,1875,200
community_bridge,0.1,205,543,452,200
community_bridge,0.1,206,1853,1472,200
community_bridge,0.1,207,2550,1951,200
community_bridge,0.1,208,2099,1306,200
community_bridge,0.1,209,2212,1669,200
community_bridge,0.1,210,2607,1978,200
community_bridge,0.1,211,2593,2009,200
community_bridge,0.1,212,2034,1688,200
community_bridge,0.1,213,2599,1801,200
community_bridge,0.1,214,1589,1228,200
community_bridge,0.1,215,2612,1680,200
community_bridge,0.1,216,1925,1299,200
community_bridge,0.1,217,2059,1349,200
community_bridge,0.1,218,2392,1733,200
community_bridge,0.1,219,2616,1831,200
community_bridge,0.1,220,2593,1884,200
community_bridge,0.1,221,2090,1638,200
community_bridge,0.1,222,2594,1705,200
community_bridge,0.1,223,2540,1758,200
community_bridge,0.1,224,1851,1281,200
community_bridge,0.1,225,2496,1910,200
community_bridge,0.1,226,2609,1864,200
community_bridge,0.1,227,2052,1515,200
community_bridge,0.1,228,1498,1207,200
community_bridge,0.1,229,1473,1231,200
community_bridge,0.1,230,2286,1791,200
community_bridge,0.1,231,2616,1757,200
community_bridge,0.1,232,1921,1232,200
community_bridge,0.1,233,2868,2235,200
community_bridge,0.1,234,2792,1726,200
community_bridge,0.1,235,2173,1632,200
community_bridge,0.1,236,3143,1962,200
community_bridge,0.1,237,2056,1305,200
community_bridge,0.1,238,1485,1010,200
community_bridge,0.1,239,2573,1679,200
community_bridge,0.1,240,2076,1315,200
community_bridge,0.1,241,3081,2092,200
community_bridge,0.1,242,1806,1424,200
community_bridge,0.1,243,2301,1878,200
community_bridge,0.1,244,2553,1718,200
community_bridge,0.1,245,1358,835,200
community_bridge,0.1,246,1934,1571,200
community_bridge,0.1,247,2047,1458,200
community_bridge,0.1,248,2500,1810,200
community_bridge,0.1,249,2839,2075,200
community_bridge,0.1,250,2032,1165,200
community_bridge,0.1,251,810,667,200
community_bridge,0.1,252,1573,1222,200
community_bridge,0.1,253,1927,1500,200
community_bridge,0.1,254,2445,1337,200
community_bridge,0.1,255,1862,1246,200
community_bridge,0.1,256,2588,1606,200
community_bridge,0.1,257,1220,939,200
community_bridge,0.1,258,2489,1979,200
community_bridge,0.1,259,2114,1625,200
community_bridge,0.1,260,2869,2042,200
community_bridge,0.1,261,2860,2276,200
community_bridge,0.1,262,2240,1492,200
community_bridge,0.1,263,1499,1184,200
community_bridge,0.1,264,3167,2187,200
community_bridge,0.1,265,1747,1339,200
community_bridge,0.1,266,2112,1580,200
community_bridge,0.1,267,2293,1765,200
community_bridge,0.1,268,2608,2078,200
community_bridge,0.1,269,2422,1578,200
community_bridge,0.1,270,1747,1225,200
community_bridge,0.1,271,2298,1797,200
community_bridge,0.1,272,1287,1065,200
community_bridge,0.1,273,2035,1652,200
community_bridge,0.1,274,1944,1410,200
community_bridge,0.1,275,2610,1895,200
community_bridge,0.1,276,2759,1870,200
community_bridge,0.1,277,2011,1339,200
community_bridge,0.1,278,1403,1133,200
community_bridge,0.1,279,2310,1787,200
community_bridge,0.1,280,3165,1729,200
community_bridge,0.1,281,2590,1933,200
community_bridge,0.1,282,2857,2288,200
community_bridge,0.1,283,1730,1360,200
community_bridge,0.1,284,2050,1432,200
community_bridge,0.1,285,1567,1231,200
community_bridge,0.1,286,1853,1518,200
community_bridge,0.1,287,2560,1762,200
community_bridge,0.1,288,2307,1515,200
community_bridge,0.1,289,2109,1045,200
community_bridge,0.1,290,1487,1233,200
community_bridge,0.1,291,2044,1403,200
community_bridge,0.1,292,1855,1292,200
community_bridge,0.1,293,2043,1503,200
community_bridge,0.1,294,1850,1362,200
community_bridge,0.1,295,2575,1968,200
community_bridge,0.1,296,2866,2222,200
community_bridge,0.1,297,2865,2120,200
community_bridge,0.1,298,1568,1182,200
community_bridge,0.1,299,2400,1459,200
community_bridge,0.1,300,1910,1549,200
community_bridge,0.1,301,3158,2229,200
community_bridge,0.1,302,2596,1887,200
community_bridge,0.1,303,2035,1407,200
community_bridge,0.1,304,1912,1264,200
community_bridge,0.1,305,2632,1887,200
community_bridge,0.1,306,2598,2053,200
community_bridge,0.1,307,2559,1796,200
community_bridge,0.1,308,2112,1389,200
community_bridge,0.1,309,1715,1377,200
community_bridge,0.1,310,2285,1778,200
community_bridge,0.1,311,3152,2002,200
community_bridge,0.1,312,2481,1726,200
community_bridge,0.1,313,1000,796,200
community_bridge,0.1,314,2534,1272,200
community_bridge,0.1,315,2510,1770,200
community_bridge,0.1,316,2352,1896,200
community_bridge,0.1,317,2615,1698,200
community_bridge,0.1,318,3054,2420,200
community_bridge,0.1,319,2098,1716,200
community_bridge,0.1,320,3166,2033,200
community_bridge,0.1,321,2462,1604,200
community_bridge,0.1,322,3145,1595,200
community_bridge,0.1,323,1560,1231,200
community_bridge,0.1,324,1594,1214,200
community_bridge,0.1,325,1542,1173,200
community_bridge,0.1,326,2306,1838,200
community_bridge,0.1,327,1494,1249,200
community_bridge,0.1,328,1415,821,200
community_bridge,0.1,329,2247,1786,200
community_bridge,0.1,330,1612,1171,200
community_bridge,0.1,331,2654,1335,200
community_bridge,0.1,332,2000,1368,200
community_bridge,0.1,333,2031,1525,200
community_bridge,0.1,334,2007,1314,200
community_bridge,0.1,335,2339,1735,200
community_bridge,0.1,336,2184,1771,200
community_bridge,0.1,337,2835,2005,200
community_bridge,0.1,338,2297,1715,200
community_bridge,0.1,339,2804,1640,200
community_bridge,0.1,340,1561,1255,200
community_bridge,0.1,341,2548,1529,200
community_bridge,0.1,342,1588,1300,200
community_bridge,0.1,343,2298,1722,200
community_bridge,0.1,344,2301,1897,200
community_bridge,0.1,345,3155,2260,200
community_bridge,0.1,346,1308,1066,200
community_bridge,0.1,347,2619,1877,200
community_bridge,0.1,348,1885,1317,200
community_bridge,0.1,349,1234,994,200
community_bridge,0.1,350,2597,1612,200
community_bridge,0.1,351,1872,1413,200
community_bridge,0.1,352,1336,1080,200
community_bridge,0.1,353,1773,1418,200
community_bridge,0.1,354,1305,1056,200
community_bridge,0.1,355,2102,1537,200
community_bridge,0.1,356,2587,1813,200
community_bridge,0.1,357,2857,2281,200
community_bridge,0.1,358,2309,1701,200
community_bridge,0.1,359,2596,1797,200
community_bridge,0.1,360,2193,1509,200
community_bridge,0.1,361,3115,1528,200
community_bridge,0.1,362,1762,1390,200
community_bridge,0.1,363,2868,1864,200
community_bridge,0.1,364,2306,1753,200
community_bridge,0.1,365,2598,1799,200
community_bridge,0.1,366,1737,1398,200
community_bridge,0.1,367,2576,1828,200
community_bridge,0.1,368,1290,1062,200
community_bridge,0.1,369,1297,955,200
community_bridge,0.1,370,2602,1952,200
community_bridge,0.1,371,3203,2079,200
community_bridge,0.1,372,2054,1411,200
community_bridge,0.1,373,2426,1531,200
community_bridge,0.1,374,2489,1673,200
community_bridge,0.1,375,1870,1347,200
community_bridge,0.1,376,2061,1264,200
community_bridge,0.1,377,2298,1649,200
community_bridge,0.1,378,903,631,200
community_bridge,0.1,379,1912,1495,200
community_bridge,0.1,380,2423,1724,200
community_bridge,0.1,381,2614,1655,200
community_bridge,0.1,382,1834,1232,200
community_bridge,0.1,383,1929,1456,200
community_bridge,0.1,384,1570,1233,200
community_bridge,0.1,385,2336,1650,200
community_bridge,0.1,386,2411,1582,200
community_bridge,0.1,387,2605,1931,200
community_bridge,0.1,388,2642,1801,200
community_bridge,0.1,389,2043,1453,200
community_bridge,0.1,390,1911,1536,200
community_bridge,0.1,391,2278,1514,200
community_bridge,0.1,392,2856,2050,200
community_bridge,0.1,393,1333,1077,200
community_bridge,0.1,394,1438,1103,200
community_bridge,0.1,395,2038,1473,200
community_bridge,0.1,396,2500,1851,200
community_bridge,0.1,397,3168,2138,200
community_bridge,0.1,398,2570,1686,200
community_bridge,0.1,399,1610,1100,200
community_bridge,0.1,400,2291,1843,200
community_bridge,0.1,401,2051,1705,200
community_bridge,0.1,402,2063,1373,200
community_bridge,0.1,403,2561,1705,200
community_bridge,0.1,404,2413,1670,200
community_bridge,0.1,405,2599,1436,200
community_bridge,0.1,406,1545,1095,200
community_bridge,0.1,407,2402,1206,200
community_bridge,0.1,408,2610,1805,200
community_bridge,0.1,409,2418,1778,200
community_bridge,0.1,410,2622,1392,200
community_bridge,0.1,411,2046,1575,200
community_bridge,0.1,412,2471,1860,200
community_bridge,0.1,413,2296,1595,200
community_bridge,0.1,414,1489,1198,200
community_bridge,0.1,415,1823,1203,200
community_bridge,0.1,416,2054,1165,200
community_bridge,0.1,417,2229,1441,200
community_bridge,0.1,418,2227,1576,200
community_bridge,0.1,419,2309,1581,200
community_bridge,0.1,420,2055,1561,200
community_bridge,0.1,421,2578,1663,200
community_bridge,0.1,422,2295,1677,200
community_bridge,0.1,423,2051,1501,200
community_bridge,0.1,424,1330,1089,200
community_bridge,0.1,425,2027,1314,200
community_bridge,0.1,426,2274,1652,200
community_bridge,0.1,427,2236,1430,200
community_bridge,0.1,428,2574,1770,200
community_bridge,0.1,429,2304,1830,200
community_bridge,0.1,430,2407,1583,200
community_bridge,0.1,431,2877,1556,200
community_bridge,0.1,432,2312,1819,200
community_bridge,0.1,433,1878,1383,200
community_bridge,0.1,434,1488,1105,200
community_bridge,0.1,435,1733,1252,200
community_bridge,0.1,436,2597,1564,200
community_bridge,0.1,437,2421,1698,200
community_bridge,0.1,438,2588,1586,200
community_bridge,0.1,439,2625,1619,200
community_bridge,0.1,440,1850,1046,200
community_bridge,0.1,441,3146,2043,200
community_bridge,0.1,442,2017,1492,200
community_bridge,0.1,443,2493,1964,200
community_bridge,0.1,444,1831,1564,200
community_bridge,0.1,445,2298,1638,200
community_bridge,0.1,446,1757,1176,200
community_bridge,0.1,447,2011,1376,200
community_bridge,0.1,448,1947,1374,200
community_bridge,0.1,449,1361,961,200
community_bridge,0.1,450,1327,1001,200
community_bridge,0.1,451,1854,1205,200
community_bridge,0.1,452,2601,1930,200
community_bridge,0.1,453,1273,1053,200
community_bridge,0.1,454,2869,1981,200
community_bridge,0.1,455,2131,1536,200
community_bridge,0.1,456,1781,1395,200
community_bridge,0.1,457,1872,1361,200
community_bridge,0.1,458,1529,1211,200
community_bridge,0.1,459,2405,1752,200
community_bridge,0.1,460,2232,1296,200
community_bridge,0.1,461,2619,1861,200
community_bridge,0.1,462,2618,1966,200
community_bridge,0.1,463,2610,1765,200
community_bridge,0.1,464,2601,1827,200
community_bridge,0.1,465,1861,1250,200
community_bridge,0.1,466,2666,1796,200
community_bridge,0.1,467,2035,1015,200
community_bridge,0.1,468,2071,1441,200
community_bridge,0.1,469,2860,2039,200
community_bridge,0.1,470,2481,1937,200
community_bridge,0.1,471,3346,2176,200
community_bridge,0.1,472,2297,1779,200
community_bridge,0.1,473,1890,1327,200
community_bridge,0.1,474,2583,1877,200
community_bridge,0.1,475,2670,1285,200
community_bridge,0.1,476,2230,1467,200
community_bridge,0.1,477,2037,1680,200
community_bridge,0.1,478,2508,1737,200
community_bridge,0.1,479,1836,1191,200
community_bridge,0.1,480,3358,2206,200
community_bridge,0.1,481,2293,1740,200
community_bridge,0.1,482,2828,2112,200
community_bridge,0.1,483,1879,1231,200
community_bridge,0.1,484,2869,2073,200
community_bridge,0.1,485,2112,1102,200
community_bridge,0.1,486,1583,1257,200
community_bridge,0.1,487,2383,1744,200
community_bridge,0.1,488,2647,1837,200
community_bridge,0.1,489,1863,1555,200
community_bridge,0.1,490,1553,1244,200
community_bridge,0.1,491,2126,1479,200
community_bridge,0.1,492,913,768,200
community_bridge,0.1,493,1616,1169,200
community_bridge,0.1,494,2223,983,200
community_bridge,0.1,495,1341,1109,200
community_bridge,0.1,496,2220,1525,200
community_bridge,0.1,497,3153,2146,200
community_bridge,0.1,498,2587,2007,200
community_bridge,0.1,499,2309,1678,200
community_bridge,0.15,0,2149,1420,200
community_bridge,0.15,1,1886,1290,200
community_bridge,0.15,2,2609,1619,200
community_bridge,0.15,3,1173,831,200
community_bridge,0.15,4,1549,1187,200
community_bridge,0.15,5,2010,1623,200
community_bridge,0.15,6,1815,1321,200
community_bridge,0.15,7,2147,1578,200
community_bridge,0.15,8,2631,1332,200
community_bridge,0.15,9,2147,1474,200
community_bridge,0.15,10,1807,1316,200
community_bridge,0.15,11,1042,753,200
community_bridge,0.15,12,1402,997,200
community_bridge,0.15,13,1774,1116,200
community_bridge,0.15,14,1392,973,200
community_bridge,0.15,15,918,741,200
community_bridge,0.15,16,1198,902,200
community_bridge,0.15,17,1666,1331,200
community_bridge,0.15,18,1776,1417,200
community_bridge,0.15,19,1874,1190,200
community_bridge,0.15,20,1591,907,200
community_bridge,0.15,21,1122,697,200
community_bridge,0.15,22,1243,1022,200
community_bridge,0.15,23,2108,1304,200
community_bridge,0.15,24,2130,1501,200
community_bridge,0.15,25,1577,1203,200
community_bridge,0.15,26,1069,828,200
community_bridge,0.15,27,2327,1570,200
community_bridge,0.15,28,867,604,200
community_bridge,0.15,29,1069,869,200
community_bridge,0.15,30,1504,755,200
community_bridge,0.15,31,1779,1193,200
community_bridge,0.15,32,1418,1116,200
community_bridge,0.15,33,1465,1075,200
community_bridge,0.15,34,579,410,200
community_bridge,0.15,35,2114,1606,200
community_bridge,0.15,36,2648,1994,200
community_bridge,0.15,37,1100,909,200
community_bridge,0.15,38,1565,1138,200
community_bridge,0.15,39,1234,990,200
community_bridge,0.15,40,1560,1138,200
community_bridge,0.15,41,1005,776,200
community_bridge,0.15,42,1599,1112,200
community_bridge,0.15,43,1138,864,200
community_bridge,0.15,44,2154,1620,200
community_bridge,0.15,45,983,711,200
community_bridge,0.15,46,1421,968,200
community_bridge,0.15,47,1562,1260,200
community_bridge,0.15,48,2143,1516,200
community_bridge,0.15,49,1850,1321,200
community_bridge,0.15,50,1801,1336,200
community_bridge,0.15,51,1344,861,200
community_bridge,0.15,52,1481,1215,200
community_bridge,0.15,53,1592,947,200
community_bridge,0.15,54,1054,736,200
community_bridge,0.15,55,2172,1524,200
community_bridge,0.15,56,1797,1446,200
community_bridge,0.15,57,2128,1430,200
community_bridge,0.15,58,1617,1299,200
community_bridge,0.15,59,1601,1305,200
community_bridge,0.15,60,1553,1182,200
community_bridge,0.15,61,1238,975,200
community_bridge,0.15,62,2148,1576,200
community_bridge,0.15,63,1601,1258,200
community_bridge,0.15,64,1767,1428,200
community_bridge,0.15,65,1192,832,200
community_bridge,0.15,66,1684,1301,200
community_bridge,0.15,67,1763,1243,200
community_bridge,0.15,68,1806,1471,200
community_bridge,0.15,69,1129,650,200
community_bridge,0.15,70,1906,1329,200
community_bridge,0.15,71,1900,1428,200
community_bridge,0.15,72,1768,1208,200
community_bridge,0.15,73,2115,1597,200
community_bridge,0.15,74,1029,693,200
community_bridge,0.15,75,1914,1199,200
community_bridge,0.15,76,1609,1165,200
community_bridge,0.15,77,737,603,200
community_bridge,0.15,78,1812,1476,200
community_bridge,0.15,79,1615,1330,200
community_bridge,0.15,80,1234,892,200
community_bridge,0.15,81,1555,981,200
community_bridge,0.15,82,1666,1310,200
community_bridge,0.15,83,1164,885,200
community_bridge,0.15,84,2281,1742,200
community_bridge,0.15,85,2071,1446,200
community_bridge,0.15,86,1600,1191,200
community_bridge,0.15,87,2252,1582,200
community_bridge,0.15,88,2344,1636,200
community_bridge,0.15,89,1744,1300,200
community_bridge,0.15,90,1627,1266,200
community_bridge,0.15,91,2079,1227,200
community_bridge,0.15,92,1654,1370,200
community_bridge,0.15,93,499,414,200
community_bridge,0.15,94,701,605,200
community_bridge,0.15,95,1803,1428,200
community_bridge,0.15,96,1289,917,200
community_bridge,0.15,97,1653,1325,200
community_bridge,0.15,98,2090,1330,200
community_bridge,0.15,99,1610,1348,200
community_bridge,0.15,100,2028,1307,200
community_bridge,0.15,101,1567,1132,200
community_bridge,0.15,102,2483,1844,200
community_bridge,0.15,103,1638,1311,200
community_bridge,0.15,104,2085,1434,200
community_bridge,0.15,105,1594,1037,200
community_bridge,0.15,106,1875,1330,200
community_bridge,0.15,107,2025,1527,200
community_bridge,0.15,108,1776,1056,200
community_bridge,0.15,109,1882,1479,200
community_bridge,0.15,110,677,541,200
community_bridge,0.15,111,2661,1985,200
community_bridge,0.15,112,1612,1285,200
community_bridge,0.15,113,1560,1126,200
community_bridge,0.15,114,1775,1345,200
community_bridge,0.15,115,1688,1213,200
community_bridge,0.15,116,1752,1325,200
community_bridge,0.15,117,1974,1454,200
community_bridge,0.15,118,2337,1740,200
community_bridge,0.15,119,2425,1743,200
community_bridge,0.15,120,1550,1064,200
community_bridge,0.15,121,1541,1071,200
community_bridge,0.15,122,1309,1028,200
community_bridge,0.15,123,1822,1449,200
community_bridge,0.15,124,1010,666,200
community_bridge,0.15,125,1264,913,200
community_bridge,0.15,126,1529,1044,200
community_bridge,0.15,127,1805,1150,200
community_bridge,0.15,128,1947,1441,200
community_bridge,0.15,129,917,750,200
community_bridge,0.15,130,1593,1069,200
community_bridge,0.15,131,1035,780,200
community_bridge,0.15,132,1592,1140,200
community_bridge,0.15,133,1054,818,200
community_bridge,0.15,134,878,669,200
community_bridge,0.15,135,1787,1122,200
community_bridge,0.15,136,1134,906,200
community_bridge,0.15,137,1056,836,200
community_bridge,0.15,138,1779,1456,200
community_bridge,0.15,139,1788,1322,200
community_bridge,0.15,140,1932,1469,200
community_bridge,0.15,141,1513,1124,200
community_bridge,0.15,142,1592,1243,200
community_bridge,0.15,143,1206,906,200
community_bridge,0.15,144,1922,1521,200
community_bridge,0.15,145,1620,1132,200
community_bridge,0.15,146,498,411,200
community_bridge,0.15,147,1558,972,200
community_bridge,0.15,148,2022,1582,200
community_bridge,0.15,149,1873,1293,200
community_bridge,0.15,150,2331,1617,200
community_bridge,0.15,151,1047,807,200
community_bridge,0.15,152,1932,1258,200
community_bridge,0.15,153,1987,1396,200
community_bridge,0.15,154,1481,881,200
community_bridge,0.15,155,1606,1064,200
community_bridge,0.15,156,1821,1381,200
community_bridge,0.15,157,1483,1102,200
community_bridge,0.15,158,1291,945,200
community_bridge,0.15,159,2111,1467,200
community_bridge,0.15,160,878,712,200
community_bridge,0.15,161,1919,1212,200
community_bridge,0.15,162,1619,1243,200
community_bridge,0.15,163,1800,1248,200
community_bridge,0.15,164,1433,1051,200
community_bridge,0.15,165,1576,1121,200
community_bridge,0.15,166,1226,884,200
community_bridge,0.15,167,2458,1740,200
community_bridge,0.15,168,2156,1457,200
community_bridge,0.15,169,1459,1062,200
community_bridge,0.15,170,1655,1305,200
community_bridge,0.15,171,1785,799,200
community_bridge,0.15,172,1870,1340,200
community_bridge,0.15,173,1723,1130,200
community_bridge,0.15,174,1859,1238,200
community_bridge,0.15,175,1273,1042,200
community_bridge,0.15,176,1421,1168,200
community_bridge,0.15,177,1284,1011,200
community_bridge,0.15,178,1286,1051,200
community_bridge,0.15,179,2035,1421,200
community_bridge,0.15,180,1787,1142,200
community_bridge,0.15,181,1561,1123,200
community_bridge,0.15,182,1969,1455,200
community_bridge,0.15,183,1293,1058,200
community_bridge,0.15,184,1593,1143,200
community_bridge,0.15,185,729,444,200
community_bridge,0.15,186,1895,1349,200
community_bridge,0.15,187,1894,1283,200
community_bridge,0.15,188,800,578,200
community_bridge,0.15,189,1826,1285,200
community_bridge,0.15,190,1419,1104,200
community_bridge,0.15,191,1579,1229,200
community_bridge,0.15,192,1417,965,200
community_bridge,0.15,193,1381,960,200
community_bridge,0.15,194,2054,1473,200
community_bridge,0.15,195,1579,1186,200
community_bridge,0.15,196,2160,1437,200
community_bridge,0.15,197,2293,1844,200
community_bridge,0.15,198,1544,1015,200
community_bridge,0.15,199,1420,1018,200
community_bridge,0.15,200,1366,1008,200
community_bridge,0.15,201,2142,1598,200
community_bridge,0.15,202,1049,724,200
community_bridge,0.15,203,1512,934,200
community_bridge,0.15,204,1790,1470,200
community_bridge,0.15,205,2151,1581,200
community_bridge,0.15,206,1592,991,200
community_bridge,0.15,207,2091,1588,200
community_bridge,0.15,208,1967,1537,200
community_bridge,0.15,209,1372,1086,200
community_bridge,0.15,210,1904,1307,200
community_bridge,0.15,211,1919,1465,200
community_bridge,0.15,212,2088,1295,200
community_bridge,0.15,213,2146,1308,200
community_bridge,0.15,214,1455,1185,200
community_bridge,0.15,215,2088,1556,200
community_bridge,0.15,216,1753,1225,200
community_bridge,0.15,217,1953,1536,200
community_bridge,0.15,218,1216,1004,200
community_bridge,0.15,219,1600,1234,200
community_bridge,0.15,220,1554,1247,200
community_bridge,0.15,221,1980,1346,200
community_bridge,0.15,222,1817,1490,200
community_bridge,0.15,223,1773,1423,200
community_bridge,0.15,224,2260,1713,200
community_bridge,0.15,225,1394,1067,200
community_bridge,0.15,226,1378,1026,200
community_bridge,0.15,227,1472,1126,200
community_bridge,0.15,228,1134,812,200
community_bridge,0.15,229,1777,1361,200
community_bridge,0.15,230,2316,1603,200
community_bridge,0.15,231,1165,901,200
community_bridge,0.15,232,2122,1506,200
community_bridge,0.15,233,1460,1221,200
community_bridge,0.15,234,1396,823,200
community_bridge,0.15,235,2126,1641,200
community_bridge,0.15,236,2085,1312,200
community_bridge,0.15,237,737,540,200
community_bridge,0.15,238,1615,1282,200
community_bridge,0.15,239,2019,1425,200
community_bridge,0.15,240,1380,1008,200
community_bridge,0.15,241,1529,1068,200
community_bridge,0.15,242,1435,1153,200
community_bridge,0.15,243,2253,1533,200
community_bridge,0.15,244,2091,1480,200
community_bridge,0.15,245,1663,1339,200
community_bridge,0.15,246,2495,1874,200
community_bridge,0.15,247,1270,1016,200
community_bridge,0.15,248,1266,1077,200
community_bridge,0.15,249,1774,1436,200
community_bridge,0.15,250,1579,1132,200
community_bridge,0.15,251,2030,1603,200
community_bridge,0.15,252,1608,1290,200
community_bridge,0.15,253,1474,1154,200
community_bridge,0.15,254,1565,1267,200
community_bridge,0.15,255,1198,890,200
community_bridge,0.15,256,1587,1075,200
community_bridge,0.15,257,1974,1436,200
community_bridge,0.15,258,862,511,200
community_bridge,0.15,259,1331,889,200
community_bridge,0.15,260,2291,1823,200
community_bridge,0.15,261,2168,1311,200
community_bridge,0.15,262,1958,1531,200
community_bridge,0.15,263,1166,891,200
community_bridge,0.15,264,1787,1132,200
community_bridge,0.15,265,1274,919,200
community_bridge,0.15,266,1281,896,200
community_bridge,0.15,267,1377,1047,200
community_bridge,0.15,268,1414,935,200
community_bridge,0.15,269,1247,971,200
community_bridge,0.15,270,878,664,200
community_bridge,0.15,271,1932,1485,200
community_bridge,0.15,272,1604,1256,200
community_bridge,0.15,273,1977,1384,200
community_bridge,0.15,274,1873,1279,200
community_bridge,0.15,275,1595,1102,200
community_bridge,0.15,276,1661,1097,200
community_bridge,0.15,277,1271,985,200
community_bridge,0.15,278,1794,1438,200
community_bridge,0.15,279,2149,1515,200
community_bridge,0.15,280,1594,1069,200
community_bridge,0.15,281,1832,1331,200
community_bridge,0.15,282,1393,1108,200
community_bridge,0.15,283,743,448,200
community_bridge,0.15,284,1874,1432,200
community_bridge,0.15,285,1613,1335,200
community_bridge,0.15,286,1095,849,200
community_bridge,0.15,287,1440,1161,200
community_bridge,0.15,288,1747,1319,200
community_bridge,0.15,289,1357,1069,200
community_bridge,0.15,290,2221,1729,200
community_bridge,0.15,291,2329,1630,200
community_bridge,0.15,292,1659,1193,200
community_bridge,0.15,293,1982,1411,200
community_bridge,0.15,294,1377,988,200
community_bridge,0.15,295,1318,1061,200
community_bridge,0.15,296,2115,1395,200
community_bridge,0.15,297,1021,662,200
community_bridge,0.15,298,1263,1018,200
community_bridge,0.15,299,1233,868,200
community_bridge,0.15,300,1723,1256,200
community_bridge,0.15,301,1197,876,200
community_bridge,0.15,302,1908,1455,200
community_bridge,0.15,303,1607,1266,200
community_bridge,0.15,304,1894,1233,200
community_bridge,0.15,305,1774,1315,200
community_bridge,0.15,306,1551,1236,200
community_bridge,0.15,307,1578,1177,200
community_bridge,0.15,308,1479,899,200
community_bridge,0.15,309,1421,1067,200
community_bridge,0.15,310,2107,1570,200
community_bridge,0.15,311,1756,1284,200
community_bridge,0.15,312,1882,1320,200
community_bridge,0.15,313,1806,1380,200
community_bridge,0.15,314,1545,1098,200
community_bridge,0.15,315,1132,880,200
community_bridge,0.15,316,1540,1103,200
community_bridge,0.15,317,1189,874,200
community_bridge,0.15,318,1691,1234,200
community_bridge,0.15,319,1168,867,200
community_bridge,0.15,320,1372,928,200
community_bridge,0.15,321,1540,1092,200
community_bridge,0.15,322,1675,1331,200
community_bridge,0.15,323,1741,1124,200
community_bridge,0.15,324,1613,1178,200
community_bridge,0.15,325,1360,1046,200
community_bridge,0.15,326,1557,751,200
community_bridge,0.15,327,1125,843,200
community_bridge,0.15,328,1610,1272,200
community_bridge,0.15,329,1608,1134,200
community_bridge,0.15,330,2484,1682,200
community_bridge,0.15,331,1930,1364,200
community_bridge,0.15,332,1482,1171,200
community_bridge,0.15,333,2055,1414,200
community_bridge,0.15,334,2119,1258,200
community_bridge,0.15,335,2090,1460,200
community_bridge,0.15,336,2098,1299,200
community_bridge,0.15,337,1894,1298,200
community_bridge,0.15,338,2108,1648,200
community_bridge,0.15,339,1553,1032,200
community_bridge,0.15,340,1124,884,200
community_bridge,0.15,341,733,599,200
community_bridge,0.15,342,1127,804,200
community_bridge,0.15,343,1929,1368,200
community_bridge,0.15,344,845,649,200
community_bridge,0.15,345,2086,1587,200
community_bridge,0.15,346,1827,1338,200
community_bridge,0.15,347,2458,1480,200
community_bridge,0.15,348,1678,1156,200
community_bridge,0.15,349,1581,1190,200
community_bridge,0.15,350,1044,793,200
community_bridge,0.15,351,1243,876,200
community_bridge,0.15,352,1941,1384,200
community_bridge,0.15,353,1602,1259,200
community_bridge,0.15,354,1052,719,200
community_bridge,0.15,355,1614,1232,200
community_bridge,0.15,356,1412,1116,200
community_bridge,0.15,357,926,721,200
community_bridge,0.15,358,1424,1108,200
community_bridge,0.15,359,1620,1119,200
community_bridge,0.15,360,2322,1213,200
community_bridge,0.15,361,1903,1364,200
community_bridge,0.15,362,1025,763,200
community_bridge,0.15,363,1847,1448,200
community_bridge,0.15,364,1822,1444,200
community_bridge,0.15,365,1227,896,200
community_bridge,0.15,366,1342,1020,200
community_bridge,0.15,367,1842,1209,200
community_bridge,0.15,368,1915,1468,200
community_bridge,0.15,369,1610,1048,200
community_bridge,0.15,370,1952,1540,200
community_bridge,0.15,371,1953,1295,200
community_bridge,0.15,372,1404,1120,200
community_bridge,0.15,373,1919,1335,200
community_bridge,0.15,374,1040,757,200
community_bridge,0.15,375,1528,900,200
community_bridge,0.15,376,1617,1273,200
community_bridge,0.15,377,2057,1595,200
community_bridge,0.15,378,2055,1375,200
community_bridge,0.15,379,1446,1184,200
community_bridge,0.15,380,1536,1051,200
community_bridge,0.15,381,1328,1008,200
community_bridge,0.15,382,2119,1537,200
community_bridge,0.15,383,1389,951,200
community_bridge,0.15,384,1722,1181,200
community_bridge,0.15,385,818,532,200
community_bridge,0.15,386,1525,1025,200
community_bridge,0.15,387,1790,1222,200
community_bridge,0.15,388,1780,1212,200
community_bridge,0.15,389,1304,1057,200
community_bridge,0.15,390,963,787,200
community_bridge,0.15,391,1962,1412,200
community_bridge,0.15,392,2064,1584,200
community_bridge,0.15,393,803,636,200
community_bridge,0.15,394,1010,517,200
community_bridge,0.15,395,2092,1465,200
community_bridge,0.15,396,2111,1378,200
community_bridge,0.15,397,1983,1581,200
community_bridge,0.15,398,2117,1497,200
community_bridge,0.15,399,1783,1252,200
community_bridge,0.15,400,1342,1010,200
community_bridge,0.15,401,1554,1191,200
community_bridge,0.15,402,1789,1329,200
community_bridge,0.15,403,2160,1444,200
community_bridge,0.15,404,1427,1149,200
community_bridge,0.15,405,1593,1013,200
community_bridge,0.15,406,1295,1058,200
community_bridge,0.15,407,1463,1221,200
community_bridge,0.15,408,1777,1179,200
community_bridge,0.15,409,1223,943,200
community_bridge,0.15,410,1782,1176,200
community_bridge,0.15,411,2671,1754,200
community_bridge,0.15,412,1558,1016,200
community_bridge,0.15,413,1832,1497,200
community_bridge,0.15,414,1051,841,200
community_bridge,0.15,415,1265,1002,200
community_bridge,0.15,416,1759,1347,200
community_bridge,0.15,417,1548,1245,200
community_bridge,0.15,418,1946,1595,200
community_bridge,0.15,419,771,652,200
community_bridge,0.15,420,1574,1168,200
community_bridge,0.15,421,1414,936,200
community_bridge,0.15,422,1449,1192,200
community_bridge,0.15,423,1337,1072,200
community_bridge,0.15,424,1320,963,200
community_bridge,0.15,425,2331,1457,200
community_bridge,0.15,426,2110,1360,200
community_bridge,0.15,427,1788,1458,200
community_bridge,0.15,428,1341,852,200
community_bridge,0.15,429,1650,1286,200
community_bridge,0.15,430,1596,1113,200
community_bridge,0.15,431,1649,1342,200
community_bridge,0.15,432,1594,1133,200
community_bridge,0.15,433,1790,1453,200
community_bridge,0.15,434,1468,1138,200
community_bridge,0.15,435,1668,1355,200
community_bridge,0.15,436,1516,1052,200
community_bridge,0.15,437,2222,1601,200
community_bridge,0.15,438,2131,1637,200
community_bridge,0.15,439,1460,1065,200
community_bridge,0.15,440,1930,1331,200
community_bridge,0.15,441,2096,1386,200
community_bridge,0.15,442,988,610,200
community_bridge,0.15,443,1653,1329,200
community_bridge,0.15,444,1868,1325,200
community_bridge,0.15,445,1899,1346,200
community_bridge,0.15,446,1775,1145,200
community_bridge,0.15,447,1832,1206,200
community_bridge,0.15,448,2071,1549,200
community_bridge,0.15,449,1330,936,200
community_bridge,0.15,450,2411,1336,200
community_bridge,0.15,451,1583,1064,200
community_bridge,0.15,452,1337,853,200
community_bridge,0.15,453,2476,1885,200
community_bridge,0.15,454,1367,1048,200
community_bridge,0.15,455,2078,1628,200
community_bridge,0.15,456,2306,1432,200
community_bridge,0.15,457,2104,1471,200
community_bridge,0.15,458,1514,1152,200
community_bridge,0.15,459,1597,1259,200
community_bridge,0.15,460,1067,833,200
community_bridge,0.15,461,1221,966,200
community_bridge,0.15,462,1922,1349,200
community_bridge,0.15,463,2091,1526,200
community_bridge,0.15,464,1196,805,200
community_bridge,0.15,465,1742,1113,200
community_bridge,0.15,466,1230,987,200
community_bridge,0.15,467,1775,1290,200
community_bridge,0.15,468,2118,1460,200
community_bridge,0.15,469,1342,1008,200
community_bridge,0.15,470,1325,871,200
community_bridge,0.15,471,1378,1027,200
community_bridge,0.15,472,2029,1513,200
community_bridge,0.15,473,1789,1339,200
community_bridge,0.15,474,1773,1288,200
community_bridge,0.15,475,2111,1611,200
community_bridge,0.15,476,1430,1136,200
community_bridge,0.15,477,1608,1217,200
community_bridge,0.15,478,1960,1326,200
community_bridge,0.15,479,789,597,200
community_bridge,0.15,480,1552,1268,200
community_bridge,0.15,481,1920,1453,200
community_bridge,0.15,482,1615,888,200
community_bridge,0.15,483,1507,798,200
community_bridge,0.15,484,1033,783,200
community_bridge,0.15,485,1350,797,200
community_bridge,0.15,486,2114,1564,200
community_bridge,0.15,487,1919,1370,200
community_bridge,0.15,488,1593,1117,200
community_bridge,0.15,489,2455,1777,200
community_bridge,0.15,490,1949,1295,200
community_bridge,0.15,491,1445,1190,200
community_bridge,0.15,492,2647,1907,200
community_bridge,0.15,493,1893,1296,200
community_bridge,0.15,494,1202,909,200
community_bridge,0.15,495,2047,1559,200
community_bridge,0.15,496,2104,1468,200
community_bridge,0.15,497,2086,1582,200
community_bridge,0.15,498,2035,1509,200
community_bridge,0.15,499,1529,1106,200
community_bridge,0.2,0,2276,1509,200
community_bridge,0.2,1,1493,1101,200
community_bridge,0.2,2,1327,949,200
community_bridge,0.2,3,1515,1182,200
community_bridge,0.2,4,1204,842,200
community_bridge,0.2,5,1832,1454,200
community_bridge,0.2,6,1551,1211,200
community_bridge,0.2,7,2029,1439,200
community_bridge,0.2,8,1344,1033,200
community_bridge,0.2,9,1752,1109,200
community_bridge,0.2,10,1992,1493,200
community_bridge,0.2,11,1091,911,200
community_bridge,0.2,12,1507,1126,200
community_bridge,0.2,13,1288,1033,200
community_bridge,0.2,14,2110,1562,200
community_bridge,0.2,15,1179,929,200
community_bridge,0.2,16,1230,802,200
community_bridge,0.2,17,1566,1229,200
community_bridge,0.2,18,1035,689,200
community_bridge,0.2,19,1033,674,200
community_bridge,0.2,20,2022,1345,200
community_bridge,0.2,21,909,750,200
community_bridge,0.2,22,1945,1358,200
community_bridge,0.2,23,1850,1379,200
community_bridge,0.2,24,1599,1282,200
community_bridge,0.2,25,1841,1373,200
community_bridge,0.2,26,1729,1219,200
community_bridge,0.2,27,1715,1236,200
community_bridge,0.2,28,2026,1555,200
community_bridge,0.2,29,1113,802,200
community_bridge,0.2,30,1555,1222,200
community_bridge,0.2,31,1032,694,200
community_bridge,0.2,32,958,670,200
community_bridge,0.2,33,1409,1158,200
community_bridge,0.2,34,1608,1281,200
community_bridge,0.2,35,1528,876,200
community_bridge,0.2,36,1708,1279,200
community_bridge,0.2,37,1465,990,200
community_bridge,0.2,38,1263,719,200
community_bridge,0.2,39,1280,1045,200
community_bridge,0.2,40,1840,1303,200
community_bridge,0.2,41,856,710,200
community_bridge,0.2,42,1181,944,200
community_bridge,0.2,43,1117,841,200
community_bridge,0.2,44,1551,1214,200
community_bridge,0.2,45,1159,770,200
community_bridge,0.2,46,1349,1049,200
community_bridge,0.2,47,1493,1231,200
community_bridge,0.2,48,1527,1058,200
community_bridge,0.2,49,1327,1015,200
community_bridge,0.2,50,1042,839,200
community_bridge,0.2,51,1265,783,200
community_bridge,0.2,52,1682,1133,200
community_bridge,0.2,53,2001,1476,200
community_bridge,0.2,54,1544,1242,200
community_bridge,0.2,55,1470,1163,200
community_bridge,0.2,56,2133,1225,200
community_bridge,0.2,57,1974,1116,200
community_bridge,0.2,58,1357,888,200
community_bridge,0.2,59,1309,968,200
community_bridge,0.2,60,1673,1300,200
community_bridge,0.2,61,1135,717,200
community_bridge,0.2,62,1538,1174,200
community_bridge,0.2,63,1462,1123,200
community_bridge,0.2,64,1603,1167,200
community_bridge,0.2,65,1452,961,200
community_bridge,0.2,66,1460,943,200
community_bridge,0.2,67,1283,983,200
community_bridge,0.2,68,1566,1123,200
community_bridge,0.2,69,1621,1260,200
community_bridge,0.2,70,1108,845,200
community_bridge,0.2,71,1765,1383,200
community_bridge,0.2,72,2025,1204,200
community_bridge,0.2,73,968,753,200
community_bridge,0.2,74,1543,1174,200
community_bridge,0.2,75,1984,1326,200
community_bridge,0.2,76,1286,750,200
community_bridge,0.2,77,1152,731,200
community_bridge,0.2,78,1455,988,200
community_bridge,0.2,79,1294,1009,200
community_bridge,0.2,80,1730,1395,200
community_bridge,0.2,81,2305,1335,200
community_bridge,0.2,82,802,636,200
community_bridge,0.2,83,917,655,200
community_bridge,0.2,84,1582,1114,200
community_bridge,0.2,85,1308,1093,200
community_bridge,0.2,86,1463,1194,200
community_bridge,0.2,87,1733,1369,200
community_bridge,0.2,88,929,674,200
community_bridge,0.2,89,1291,1016,200
community_bridge,0.2,90,1145,835,200
community_bridge,0.2,91,1431,1110,200
community_bridge,0.2,92,1693,1257,200
community_bridge,0.2,93,1701,1145,200
community_bridge,0.2,94,1206,883,200
community_bridge,0.2,95,1621,1289,200
community_bridge,0.2,96,1360,873,200
community_bridge,0.2,97,924,694,200
community_bridge,0.2,98,2032,1539,200
community_bridge,0.2,99,1066,803,200
community_bridge,0.2,100,1448,1002,200
community_bridge,0.2,101,1525,1040,200
community_bridge,0.2,102,2014,1518,200
community_bridge,0.2,103,871,565,200
community_bridge,0.2,104,1004,779,200
community_bridge,0.2,105,1867,1196,200
community_bridge,0.2,106,1715,1363,200
community_bridge,0.2,107,917,756,200
community_bridge,0.2,108,1263,815,200
community_bridge,0.2,109,1208,825,200
community_bridge,0.2,110,1371,1054,200
community_bridge,0.2,111,1453,1005,200
community_bridge,0.2,112,1847,1455,200
community_bridge,0.2,113,1319,927,200
community_bridge,0.2,114,1466,1052,200
community_bridge,0.2,115,1842,1433,200
community_bridge,0.2,116,1796,1285,200
community_bridge,0.2,117,1824,1389,200
community_bridge,0.2,118,1435,1132,200
community_bridge,0.2,119,765,580,200
community_bridge,0.2,120,1057,836,200
community_bridge,0.2,121,1892,1120,200
community_bridge,0.2,122,1562,1174,200
community_bridge,0.2,123,1846,1421,200
community_bridge,0.2,124,1989,1534,200
community_bridge,0.2,125,1029,779,200
community_bridge,0.2,126,1251,976,200
community_bridge,0.2,127,1296,956,200
community_bridge,0.2,128,1591,1148,200
community_bridge,0.2,129,1540,1098,200
community_bridge,0.2,130,1145,719,200
community_bridge,0.2,131,1036,762,200
community_bridge,0.2,132,1589,1185,200
community_bridge,0.2,133,1126,777,200
community_bridge,0.2,134,1345,1004,200
community_bridge,0.2,135,1722,1291,200
community_bridge,0.2,136,1531,1257,200
community_bridge,0.2,137,1239,782,200
community_bridge,0.2,138,1751,986,200
community_bridge,0.2,139,1559,1195,200
community_bridge,0.2,140,1025,844,200
community_bridge,0.2,141,893,644,200
community_bridge,0.2,142,1982,1304,200
community_bridge,0.2,143,1895,1458,200
community_bridge,0.2,144,1815,1433,200
community_bridge,0.2,145,1256,748,200
community_bridge,0.2,146,1557,1148,200
community_bridge,0.2,147,1280,942,200
community_bridge,0.2,148,1527,1171,200
community_bridge,0.2,149,1008,773,200
community_bridge,0.2,150,1035,755,200
community_bridge,0.2,151,1143,903,200
community_bridge,0.2,152,2202,1461,200
community_bridge,0.2,153,1550,961,200
community_bridge,0.2,154,1038,830,200
community_bridge,0.2,155,1012,842,200
community_bridge,0.2,156,1564,1276,200
community_bridge,0.2,157,732,475,200
community_bridge,0.2,158,2093,1439,200
community_bridge,0.2,159,1561,1164,200
community_bridge,0.2,160,1522,1200,200
community_bridge,0.2,161,2010,1297,200
community_bridge,0.2,162,1301,909,200
community_bridge,0.2,163,1096,793,200
community_bridge,0.2,164,2109,1443,200
community_bridge,0.2,165,855,629,200
community_bridge,0.2,166,1718,1349,200
community_bridge,0.2,167,697,517,200
community_bridge,0.2,168,1429,1139,200
community_bridge,0.2,169,1753,1259,200
community_bridge,0.2,170,1181,777,200
community_bridge,0.2,171,949,667,200
community_bridge,0.2,172,1990,1445,200
community_bridge,0.2,173,1371,941,200
community_bridge,0.2,174,1540,1161,200
community_bridge,0.2,175,1616,1266,200
community_bridge,0.2,176,2008,1237,200
community_bridge,0.2,177,867,642,200
community_bridge,0.2,178,1439,1103,200
community_bridge,0.2,179,1478,1068,200
community_bridge,0.2,180,1273,773,200
community_bridge,0.2,181,1031,756,200
community_bridge,0.2,182,2014,1356,200
community_bridge,0.2,183,1107,830,200
community_bridge,0.2,184,1358,1030,200
community_bridge,0.2,185,1467,1177,200
community_bridge,0.2,186,1719,1147,200
community_bridge,0.2,187,1349,861,200
community_bridge,0.2,188,1467,1128,200
community_bridge,0.2,189,930,614,200
community_bridge,0.2,190,1557,1063,200
community_bridge,0.2,191,1752,1173,200
community_bridge,0.2,192,1171,875,200
community_bridge,0.2,193,1567,1205,200
community_bridge,0.2,194,1573,1059,200
community_bridge,0.2,195,1115,858,200
community_bridge,0.2,196,1542,1214,200
community_bridge,0.2,197,1091,817,200
community_bridge,0.2,198,1040,783,200
community_bridge,0.2,199,1326,867,200
community_bridge,0.2,200,1116,846,200
community_bridge,0.2,201,1302,945,200
community_bridge,0.2,202,1538,1030,200
community_bridge,0.2,203,2012,1537,200
community_bridge,0.2,204,1319,1069,200
community_bridge,0.2,205,1709,945,200
community_bridge,0.2,206,1271,824,200
community_bridge,0.2,207,1550,1079,200
community_bridge,0.2,208,1728,1297,200
community_bridge,0.2,209,1207,905,200
community_bridge,0.2,210,1334,1023,200
community_bridge,0.2,211,1411,1127,200
community_bridge,0.2,212,1254,983,200
community_bridge,0.2,213,1418,996,200
community_bridge,0.2,214,1778,1212,200
community_bridge,0.2,215,1560,1240,200
community_bridge,0.2,216,1152,892,200
community_bridge,0.2,217,541,408,200
community_bridge,0.2,218,1374,1039,200
community_bridge,0.2,219,1439,1074,200
community_bridge,0.2,220,1586,1257,200
community_bridge,0.2,221,1006,728,200
community_bridge,0.2,222,1334,1069,200
community_bridge,0.2,223,1355,1099,200
community_bridge,0.2,224,1356,1033,200
community_bridge,0.2,225,1535,1080,200
community_bridge,0.2,226,1812,1452,200
community_bridge,0.2,227,1666,1290,200
community_bridge,0.2,228,1883,1129,200
community_bridge,0.2,229,1882,1505,200
community_bridge,0.2,230,1497,1207,200
community_bridge,0.2,231,1989,1405,200
community_bridge,0.2,232,1138,828,200
community_bridge,0.2,233,1361,1077,200
community_bridge,0.2,234,1192,964,200
community_bridge,0.2,235,1003,726,200
community_bridge,0.2,236,1704,1278,200
community_bridge,0.2,237,1644,1357,200
community_bridge,0.2,238,1670,1117,200
community_bridge,0.2,239,1982,1269,200
community_bridge,0.2,240,1024,635,200
community_bridge,0.2,241,1780,1110,200
community_bridge,0.2,242,1738,1291,200
community_bridge,0.2,243,1533,996,200
community_bridge,0.2,244,1755,1157,200
community_bridge,0.2,245,792,632,200
community_bridge,0.2,246,1312,1043,200
community_bridge,0.2,247,1552,1194,200
community_bridge,0.2,248,1578,1227,200
community_bridge,0.2,249,1371,1103,200
community_bridge,0.2,250,885,623,200
community_bridge,0.2,251,1371,1116,200
community_bridge,0.2,252,1990,1303,200
community_bridge,0.2,253,1484,1241,200
community_bridge,0.2,254,1999,1249,200
community_bridge,0.2,255,1029,817,200
community_bridge,0.2,256,1141,838,200
community_bridge,0.2,257,1214,912,200
community_bridge,0.2,258,1025,669,200
community_bridge,0.2,259,1761,1308,200
community_bridge,0.2,260,935,692,200
community_bridge,0.2,261,1545,1216,200
community_bridge,0.2,262,1670,1256,200
community_bridge,0.2,263,1479,957,200
community_bridge,0.2,264,1620,1201,200
community_bridge,0.2,265,2128,1624,200
community_bridge,0.2,266,1540,1029,200
community_bridge,0.2,267,1817,1289,200
community_bridge,0.2,268,1837,1465,200
community_bridge,0.2,269,1590,1190,200
community_bridge,0.2,270,1548,1231,200
community_bridge,0.2,271,1252,893,200
community_bridge,0.2,272,1427,1150,200
community_bridge,0.2,273,1701,1220,200
community_bridge,0.2,274,1177,936,200
community_bridge,0.2,275,1374,1043,200
community_bridge,0.2,276,1800,1314,200
community_bridge,0.2,277,1048,806,200
community_bridge,0.2,278,1864,1432,200
community_bridge,0.2,279,1819,1417,200
community_bridge,0.2,280,1480,1034,200
community_bridge,0.2,281,1581,1028,200
community_bridge,0.2,282,1550,1238,200
community_bridge,0.2,283,1857,1364,200
community_bridge,0.2,284,1316,1059,200
community_bridge,0.2,285,1252,879,200
community_bridge,0.2,286,1965,1405,200
community_bridge,0.2,287,1816,1386,200
community_bridge,0.2,288,1449,985,200
community_bridge,0.2,289,1993,1476,200
community_bridge,0.2,290,1459,1199,200
community_bridge,0.2,291,1841,1183,200
community_bridge,0.2,292,1403,1069,200
community_bridge,0.2,293,1215,956,200
community_bridge,0.2,294,1494,1134,200
community_bridge,0.2,295,1452,1188,200
community_bridge,0.2,296,2046,1387,200
community_bridge,0.2,297,1159,771,200
community_bridge,0.2,298,1704,1145,200
community_bridge,0.2,299,1136,628,200
community_bridge,0.2,300,1705,1108,200
community_bridge,0.2,301,820,605,200
community_bridge,0.2,302,1032,614,200
community_bridge,0.2,303,883,642,200
community_bridge,0.2,304,1060,816,200
community_bridge,0.2,305,1654,1271,200
community_bridge,0.2,306,1465,1016,200
community_bridge,0.2,307,1137,829,200
community_bridge,0.2,308,1625,1268,200
community_bridge,0.2,309,1733,1320,200
community_bridge,0.2,310,938,572,200
community_bridge,0.2,311,1028,836,200
community_bridge,0.2,312,1688,1034,200
community_bridge,0.2,313,1179,954,200
community_bridge,0.2,314,932,722,200
community_bridge,0.2,315,1007,829,200
community_bridge,0.2,316,1315,1027,200
community_bridge,0.2,317,1021,849,200
community_bridge,0.2,318,1141,626,200
community_bridge,0.2,319,1995,1438,200
community_bridge,0.2,320,1760,1164,200
community_bridge,0.2,321,1241,927,200
community_bridge,0.2,322,1163,819,200
community_bridge,0.2,323,2030,1630,200
community_bridge,0.2,324,1887,1347,200
community_bridge,0.2,325,1423,1046,200
community_bridge,0.2,326,1036,706,200
community_bridge,0.2,327,1533,1008,200
community_bridge,0.2,328,1745,1233,200
community_bridge,0.2,329,1379,907,200
community_bridge,0.2,330,1301,855,200
community_bridge,0.2,331,1451,960,200
community_bridge,0.2,332,1033,737,200
community_bridge,0.2,333,1449,1116,200
community_bridge,0.2,334,1121,862,200
community_bridge,0.2,335,1328,1097,200
community_bridge,0.2,336,1463,1009,200
community_bridge,0.2,337,1423,1008,200
community_bridge,0.2,338,2076,1311,200
community_bridge,0.2,339,1324,968,200
community_bridge,0.2,340,1510,905,200
community_bridge,0.2,341,1980,1373,200
community_bridge,0.2,342,1323,998,200
community_bridge,0.2,343,498,384,200
community_bridge,0.2,344,847,716,200
community_bridge,0.2,345,1258,909,200
community_bridge,0.2,346,1365,949,200
community_bridge,0.2,347,2004,1420,200
community_bridge,0.2,348,1610,1043,200
community_bridge,0.2,349,1831,1126,200
community_bridge,0.2,350,2292,1563,200
community_bridge,0.2,351,1441,1163,200
community_bridge,0.2,352,1842,1159,200
community_bridge,0.2,353,709,532,200
community_bridge,0.2,354,1578,1245,200
community_bridge,0.2,355,1822,1435,200
community_bridge,0.2,356,1547,992,200
community_bridge,0.2,357,1891,1158,200
community_bridge,0.2,358,1226,884,200
community_bridge,0.2,359,1522,1108,200
community_bridge,0.2,360,1844,1402,200
community_bridge,0.2,361,1695,1206,200
community_bridge,0.2,362,844,647,200
community_bridge,0.2,363,1698,1282,200
community_bridge,0.2,364,1513,908,200
community_bridge,0.2,365,1813,1191,200
community_bridge,0.2,366,1848,1456,200
community_bridge,0.2,367,2168,1457,200
community_bridge,0.2,368,1474,1058,200
community_bridge,0.2,369,1221,947,200
community_bridge,0.2,370,1505,1083,200
community_bridge,0.2,371,1113,878,200
community_bridge,0.2,372,1289,977,200
community_bridge,0.2,373,1738,1352,200
community_bridge,0.2,374,1839,1384,200
community_bridge,0.2,375,1986,1390,200
community_bridge,0.2,376,1783,1104,200
community_bridge,0.2,377,1319,982,200
community_bridge,0.2,378,1346,801,200
community_bridge,0.2,379,1297,821,200
community_bridge,0.2,380,1696,1247,200
community_bridge,0.2,381,1435,928,200
community_bridge,0.2,382,734,608,200
community_bridge,0.2,383,846,608,200
community_bridge,0.2,384,818,583,200
community_bridge,0.2,385,1007,760,200
community_bridge,0.2,386,1191,921,200
community_bridge,0.2,387,1243,973,200
community_bridge,0.2,388,1303,985,200
community_bridge,0.2,389,1971,1443,200
community_bridge,0.2,390,1880,1340,200
community_bridge,0.2,391,1328,1027,200
community_bridge,0.2,392,1878,1453,200
community_bridge,0.2,393,1323,833,200
community_bridge,0.2,394,1539,1180,200
community_bridge,0.2,395,1701,1089,200
community_bridge,0.2,396,1768,1000,200
community_bridge,0.2,397,751,608,200
community_bridge,0.2,398,984,752,200
community_bridge,0.2,399,1994,1360,200
community_bridge,0.2,400,2150,1611,200
community_bridge,0.2,401,1027,601,200
community_bridge,0.2,402,1422,1045,200
community_bridge,0.2,403,1655,1265,200
community_bridge,0.2,404,1053,812,200
community_bridge,0.2,405,834,619,200
community_bridge,0.2,406,1733,1182,200
community_bridge,0.2,407,1668,1234,200
community_bridge,0.2,408,1781,1225,200
community_bridge,0.2,409,1676,1145,200
community_bridge,0.2,410,1024,738,200
community_bridge,0.2,411,1027,762,200
community_bridge,0.2,412,1566,1259,200
community_bridge,0.2,413,747,533,200
community_bridge,0.2,414,1826,1219,200
community_bridge,0.2,415,1856,1335,200
community_bridge,0.2,416,1542,1216,200
community_bridge,0.2,417,1583,1086,200
community_bridge,0.2,418,1891,1420,200
community_bridge,0.2,419,920,688,200
community_bridge,0.2,420,1336,1031,200
community_bridge,0.2,421,1236,965,200
community_bridge,0.2,422,999,816,200
community_bridge,0.2,423,1441,1051,200
community_bridge,0.2,424,1544,1138,200
community_bridge,0.2,425,1725,1195,200
community_bridge,0.2,426,1539,1191,200
community_bridge,0.2,427,1447,1128,200
community_bridge,0.2,428,739,458,200
community_bridge,0.2,429,1351,1003,200
community_bridge,0.2,430,1471,975,200
community_bridge,0.2,431,1431,1127,200
community_bridge,0.2,432,1257,841,200
community_bridge,0.2,433,1547,1183,200
community_bridge,0.2,434,922,681,200
community_bridge,0.2,435,1528,1156,200
community_bridge,0.2,436,1580,1154,200
community_bridge,0.2,437,1675,1336,200
community_bridge,0.2,438,1018,717,200
community_bridge,0.2,439,1339,865,200
community_bridge,0.2,440,1423,1054,200
community_bridge,0.2,441,1980,1460,200
community_bridge,0.2,442,1552,1202,200
community_bridge,0.2,443,1993,1334,200
community_bridge,0.2,444,1026,722,200
community_bridge,0.2,445,854,520,200
community_bridge,0.2,446,1351,1003,200
community_bridge,0.2,447,1324,964,200
community_bridge,0.2,448,1427,1113,200
community_bridge,0.2,449,1211,978,200
community_bridge,0.2,450,1553,1234,200
community_bridge,0.2,451,1166,823,200
community_bridge,0.2,452,1032,840,200
community_bridge,0.2,453,1374,1143,200
community_bridge,0.2,454,1578,868,200
community_bridge,0.2,455,1549,1210,200
community_bridge,0.2,456,1152,730,200
community_bridge,0.2,457,1324,1015,200
community_bridge,0.2,458,1479,1127,200
community_bridge,0.2,459,1451,1134,200
community_bridge,0.2,460,1413,1089,200
community_bridge,0.2,461,1978,1309,200
community_bridge,0.2,462,1267,922,200
community_bridge,0.2,463,1162,896,200
community_bridge,0.2,464,1570,1084,200
community_bridge,0.2,465,1371,1037,200
community_bridge,0.2,466,1098,829,200
community_bridge,0.2,467,1766,1235,200
community_bridge,0.2,468,1512,1189,200
community_bridge,0.2,469,1987,1498,200
community_bridge,0.2,470,1554,1197,200
community_bridge,0.2,471,1491,897,200
community_bridge,0.2,472,1574,1061,200
community_bridge,0.2,473,1862,1473,200
community_bridge,0.2,474,1317,1018,200
community_bridge,0.2,475,966,672,200
community_bridge,0.2,476,377,279,200
community_bridge,0.2,477,1190,928,200
community_bridge,0.2,478,1510,1225,200
community_bridge,0.2,479,1824,1313,200
community_bridge,0.2,480,727,603,200
community_bridge,0.2,481,1017,780,200
community_bridge,0.2,482,1462,1003,200
community_bridge,0.2,483,1665,1024,200
community_bridge,0.2,484,1654,1048,200
community_bridge,0.2,485,1297,892,200
community_bridge,0.2,486,1340,923,200
community_bridge,0.2,487,1573,1169,200
community_bridge,0.2,488,1417,1094,200
community_bridge,0.2,489,1477,1199,200
community_bridge,0.2,490,1946,1449,200
community_bridge,0.2,491,1464,1183,200
community_bridge,0.2,492,1768,1247,200
community_bridge,0.2,493,1327,1018,200
community_bridge,0.2,494,1033,881,200
community_bridge,0.2,495,1043,842,200
community_bridge,0.2,496,1532,1178,200
community_bridge,0.2,497,1557,1207,200
community_bridge,0.2,498,995,781,200
community_bridge,0.2,499,1157,874,200
